1	ɑkent	ɑkenɑ	1	0.8130230903625488	1	0	0.7368420958518982
1	ɑkent	ɑkent	2	0.7843030691146851	0	1	0.7368420958518982
1	ɑkent	ɑkenit	3	0.6826685667037964	1	0	0.7368420958518982
1	ɑkent	ɑkenɑt	4	0.6531479954719543	1	0	0.7368420958518982
1	ɑkent	ɑk;nɑ	5	0.6510264277458191	2	0	0.7368420958518982
1	ɑkent	ɑkeni	6	0.6250213384628296	1	0	0.7368420958518982
1	ɑkent	ɑkenu	7	0.6093674302101135	1	0	0.7368420958518982
1	ɑkent	ɑkenut	8	0.6068970561027527	1	0	0.7368420958518982
1	ɑkent	ɑkenɑst	9	0.5780999660491943	2	0	0.7368420958518982
1	ɑkent	ɑk;ni	10	0.572257399559021	2	0	0.7368420958518982
2	ɑk;nɑ	ɑkenɑ	1	0.8991000056266785	1	0	0.8888888955116272
2	ɑk;nɑ	ɑkeni	2	0.7789717316627502	2	0	0.8888888955116272
2	ɑk;nɑ	ɑkenu	3	0.6608092784881592	2	0	0.8888888955116272
2	ɑk;nɑ	ɑkene	4	0.6339028477668762	2	0	0.8888888955116272
2	ɑk;nɑ	ɑk;nɑ	5	0.5697384476661682	0	1	0.8888888955116272
2	ɑk;nɑ	ɑk;ni	6	0.5336976051330566	1	0	0.8888888955116272
2	ɑk;nɑ	ɑkenɑgɑgɑgɑgɑgɑgɑzkekekekekekekkkkekekkkekekkkkkkkkekekekekekekekekekekekekekekekekekekekekekkkekekekkekekekkekekekkkekekekekek	7	0.5206935405731201	123	0	0.8888888955116272
2	ɑk;nɑ	ɑkenɑgɑgɑgɑgɑgɑgɑzkekekekekkekkkkkekekkkekekkkkkkkkkekekekekekekekekekekekekekekekekekekekekekkekekekkekekekkekekekkkekekekekek	8	0.5201406478881836	123	0	0.8888888955116272
2	ɑk;nɑ	ɑkenɑgɑgɑgɑgɑgɑgɑzkekekekekekekkkkekekkkekekkkkkkkkkekekekekekekekekekekekekekekekekekekekekekkekekekkekekekkekekekkkekekekekek	9	0.5200479030609131	123	0	0.8888888955116272
2	ɑk;nɑ	ɑkenɑgɑgɑgɑgɑgɑgɑzkekekekekekekkkkekekkkekekkkkkkkkekekekekekekekekekekekekekekekekekekekekekkkekekekkekekekkekekekkkekekekek	10	0.5198467969894409	121	0	0.8888888955116272
3	ɑk;nɑgɑ	ɑkenɑ	1	0.8556649684906006	3	0	0.7368420958518982
3	ɑk;nɑgɑ	ɑkenɑgɑ	2	0.8484288454055786	1	0	0.7368420958518982
3	ɑk;nɑgɑ	ɑkenigɑ	3	0.7777181267738342	2	0	0.7368420958518982
3	ɑk;nɑgɑ	ɑkenegɑ	4	0.7220749258995056	2	0	0.7368420958518982
3	ɑk;nɑgɑ	ɑkenugɑ	5	0.5887676477432251	2	0	0.7368420958518982
3	ɑk;nɑgɑ	ɑkengɑ	6	0.5734351277351379	2	0	0.7368420958518982
3	ɑk;nɑgɑ	ɑk;nɑ	7	0.5537561178207397	2	0	0.7368420958518982
3	ɑk;nɑgɑ	ɑkenɑsegɑ	8	0.5463771224021912	3	0	0.7368420958518982
3	ɑk;nɑgɑ	ɑk;nɑgɑ	9	0.534195065498352	0	1	0.7368420958518982
3	ɑk;nɑgɑ	ɑkenɑːgɑ	10	0.5255645513534546	2	0	0.7368420958518982
4	ɑk;nɑle	ɑkenɑle	1	0.8784970641136169	1	0	0.8500000238418579
4	ɑk;nɑle	ɑkenele	2	0.8459981679916382	2	0	0.8500000238418579
4	ɑk;nɑle	ɑkenile	3	0.7572553157806396	2	0	0.8500000238418579
4	ɑk;nɑle	ɑkenelːe	4	0.6978882551193237	3	0	0.8500000238418579
4	ɑk;nɑle	ɑkenɑlːe	5	0.689433217048645	2	0	0.8500000238418579
4	ɑk;nɑle	ɑkenilːe	6	0.641542911529541	3	0	0.8500000238418579
4	ɑk;nɑle	ɑkenle	7	0.6351516842842102	2	0	0.8500000238418579
4	ɑk;nɑle	ɑk;nɑle	8	0.6286018490791321	0	1	0.8500000238418579
4	ɑk;nɑle	ɑkenule	9	0.6264531016349792	2	0	0.8500000238418579
4	ɑk;nɑle	ɑkenːe	10	0.5448033809661865	3	0	0.8500000238418579
5	ɑk;nɑs	ɑkenɑs	1	0.9086815118789673	1	0	0.800000011920929
5	ɑk;nɑs	ɑkenis	2	0.7863426208496094	2	0	0.800000011920929
5	ɑk;nɑs	ɑk;nɑs	3	0.6818097829818726	0	1	0.800000011920929
5	ɑk;nɑs	ɑkenes	4	0.6791805624961853	2	0	0.800000011920929
5	ɑk;nɑs	ɑkenus	5	0.6370324492454529	2	0	0.800000011920929
5	ɑk;nɑs	ɑkenɑseseseseseseseskekɑkɑkekekekekekekekekekekekekekekekekekekekeskekekekekekekekekekekekekɑkkekekɑkkekekekkekekekekekekekekek	6	0.5957623720169067	122	0	0.800000011920929
5	ɑk;nɑs	ɑkenɑseseseseseseseskekekɑkekekekekekekekekekekekekekekekekekekekeskekekekekekekekekekekekekɑkkekekɑkkekekekkekekekekekekekekek	7	0.5951904654502869	122	0	0.800000011920929
5	ɑk;nɑs	ɑkenɑseseseseseseseskekskɑkekekekekekekekekekekekekekekekekekekekeskekekekekekekekekekekekekɑkkekekɑkkekekekkekekekekekekekekek	8	0.5933389067649841	122	0	0.800000011920929
5	ɑk;nɑs	ɑkenɑseseseseseseseskekɑkɑkekekekekekekekekekekekekekekekekekekekeskekekekekekekekekekekekekekkekekɑkkekekekkekekekekekekekekek	9	0.5932880640029907	122	0	0.800000011920929
5	ɑk;nɑs	ɑkenɑseseseseseseseskekɑkɑkekekekekekekekekekekekekekekekekekekekeskekekekekekekekekekekekekɑkkekekɑkkekekekkekekekkekekekekek	10	0.5923691391944885	121	0	0.800000011920929
6	ɑk;nɑst	ɑkenɑst	1	0.9157451391220093	1	0	0.6842105388641357
6	ɑk;nɑst	ɑkenist	2	0.800937831401825	2	0	0.6842105388641357
6	ɑk;nɑst	ɑkenest	3	0.7459185123443604	2	0	0.6842105388641357
6	ɑk;nɑst	ɑk;nɑst	4	0.6699577569961548	0	1	0.6842105388641357
6	ɑk;nɑst	ɑkenust	5	0.6448171138763428	2	0	0.6842105388641357
6	ɑk;nɑst	ɑkenst	6	0.6106465458869934	2	0	0.6842105388641357
6	ɑk;nɑst	ɑkenɑstestest͡st͡stikesekɑkekekekekekekekekekekekekekekekekekekekeseskekekekekekekekekekekekekkekekekkekekekkekekekekekekekekek	7	0.5853451490402222	121	0	0.6842105388641357
6	ɑk;nɑst	ɑkenɑstestest͡st͡stikesekɑkekekekekekekekekekekekekekekekekekekekeseskekeskekekekekekekekekekekekekekkekekekkekekekekekekekekek	8	0.5842199325561523	121	0	0.6842105388641357
6	ɑk;nɑst	ɑkenɑstestest͡st͡stikstekɑkekekekekekekekekekekekekekekekekekekekeseskekekekekekekekekekekekekkekekekkekekekkekekekekekekekekek	9	0.5835475325584412	121	0	0.6842105388641357
6	ɑk;nɑst	ɑkenɑstestest͡st͡stikesekɑkekekekekekekekekekekekekekekekekekekekestakekekekekekekekekekekekekkekekekkekekekkekekekekekekekekek	10	0.5828168988227844	121	0	0.6842105388641357
7	ɑuto	ɑuto	1	0.9740334153175354	0	1	1.0
7	ɑuto	ɑutːo	2	0.40731677412986755	1	0	1.0
7	ɑuto	ɑutogɑ	3	0.3977794349193573	2	0	1.0
7	ɑuto	ɑudo	4	0.3951457738876343	1	0	1.0
7	ɑuto	ɑutos	5	0.3837875425815582	1	0	1.0
7	ɑuto	ɑɑuto	6	0.3775045871734619	1	0	1.0
7	ɑuto	ɑuːo	7	0.36303821206092834	1	0	1.0
7	ɑuto	ɑutoɑ	8	0.35744917392730713	1	0	1.0
7	ɑuto	ɑoto	9	0.35416850447654724	1	0	1.0
7	ɑuto	ɑutot	10	0.3523642420768738	1	0	1.0
8	ɑutogɑ	ɑutogɑ	1	0.9769498705863953	0	1	1.0
8	ɑutogɑ	ɑudogɑ	2	0.5297324061393738	1	0	1.0
8	ɑutogɑ	ɑutːogɑ	3	0.49500492215156555	1	0	1.0
8	ɑutogɑ	ɑuːogɑ	4	0.49353134632110596	1	0	1.0
8	ɑutogɑ	ɑutogɑgɑ	5	0.47681546211242676	2	0	1.0
8	ɑutogɑ	ɑotogɑ	6	0.46437180042266846	1	0	1.0
8	ɑutogɑ	ɑutogu	7	0.4481928050518036	1	0	1.0
8	ɑutogɑ	ɑutoɑ	8	0.4468148648738861	1	0	1.0
8	ɑutogɑ	ɑuɑugɑ	9	0.441158652305603	2	0	1.0
8	ɑutogɑ	ɑugogɑ	10	0.4410417079925537	1	0	1.0
9	ɑutole	ɑutole	1	0.9562556147575378	0	1	1.0
9	ɑutole	ɑutolːe	2	0.7530743479728699	1	0	1.0
9	ɑutole	ɑudole	3	0.6031854748725891	1	0	1.0
9	ɑutole	ɑuːole	4	0.5116116404533386	1	0	1.0
9	ɑutole	ɑutolte	5	0.5110936760902405	1	0	1.0
9	ɑutole	ɑudolːe	6	0.5044916868209839	2	0	1.0
9	ɑutole	ɑutol;e	7	0.4933308959007263	1	0	1.0
9	ɑutole	ɑutːole	8	0.48119062185287476	1	0	1.0
9	ɑutole	ɑutolɛ	9	0.4674060642719269	1	0	1.0
9	ɑutole	ɑutolese	10	0.4461365342140198	2	0	1.0
10	ɑutos	ɑutos	1	0.9736359715461731	0	1	1.0
10	ɑutos	ɑutoses	2	0.5044096112251282	2	0	1.0
10	ɑutos	ɑudos	3	0.49602991342544556	1	0	1.0
10	ɑutos	ɑutːos	4	0.4570485055446625	1	0	1.0
10	ɑutos	ɑutost	5	0.45201823115348816	1	0	1.0
10	ɑutos	ɑuːos	6	0.43660902976989746	1	0	1.0
10	ɑutos	ɑutosis	7	0.43196871876716614	2	0	1.0
10	ɑutos	ɑutoːs	8	0.4317742884159088	1	0	1.0
10	ɑutos	ɑutoks	9	0.41194623708724976	1	0	1.0
10	ɑutos	ɑotos	10	0.4086535573005676	1	0	1.0
11	ɑutost	ɑutost	1	0.9734352231025696	0	1	1.0
11	ɑutost	ɑudost	2	0.5659204125404358	1	0	1.0
11	ɑutost	ɑutosest	3	0.5335930585861206	2	0	1.0
11	ɑutost	ɑutostest	4	0.5245128870010376	3	0	1.0
11	ɑutost	ɑutostist	5	0.49967050552368164	3	0	1.0
11	ɑutost	ɑutːost	6	0.4908796548843384	1	0	1.0
11	ɑutost	ɑuːost	7	0.49069541692733765	1	0	1.0
11	ɑutost	ɑutostust	8	0.48809537291526794	3	0	1.0
11	ɑutost	ɑutostst	9	0.485616534948349	2	0	1.0
11	ɑutost	ɑutokst	10	0.47062039375305176	1	0	1.0
12	ɑutot	ɑutot	1	0.9097351431846619	0	1	1.0
12	ɑutot	ɑuto	2	0.7712206840515137	1	0	1.0
12	ɑutot	ɑutost	3	0.6540791988372803	1	0	1.0
12	ɑutot	ɑutoɑ	4	0.5753560662269592	1	0	1.0
12	ɑutot	ɑutod	5	0.5519415140151978	1	0	1.0
12	ɑutot	ɑutogɑ	6	0.5071511268615723	2	0	1.0
12	ɑutot	ɑuto;t	7	0.45111083984375	1	0	1.0
12	ɑutot	ɑutout	8	0.4440581798553467	1	0	1.0
12	ɑutot	ɑutol	9	0.44244346022605896	1	0	1.0
12	ɑutot	ɑutːot	10	0.43997618556022644	1	0	1.0
13	hobuse	hobune	1	0.9051663279533386	1	0	0.9444444179534912
13	hobuse	hobuse	2	0.7681442499160767	0	1	0.9444444179534912
13	hobuse	hobunese	3	0.7393328547477722	2	0	0.9444444179534912
13	hobuse	hobunekse	4	0.6591112017631531	3	0	0.9444444179534912
13	hobuse	hobuneː	5	0.6537182331085205	2	0	0.9444444179534912
13	hobuse	hobunesːe	6	0.6524696946144104	3	0	0.9444444179534912
13	hobuse	hobunet	7	0.6448009610176086	2	0	0.9444444179534912
13	hobuse	hobunes	8	0.6207761168479919	2	0	0.9444444179534912
13	hobuse	hobunest	9	0.5921534895896912	3	0	0.9444444179534912
13	hobuse	hobuneːse	10	0.573236346244812	3	0	0.9444444179534912
14	hobusegɑ	hobunegɑ	1	0.943828284740448	1	0	1.0
14	hobusegɑ	hobusegɑ	2	0.8285218477249146	0	1	1.0
14	hobusegɑ	hobuneːgɑ	3	0.6490960717201233	2	0	1.0
14	hobusegɑ	hobunesegɑ	4	0.6217868328094482	2	0	1.0
14	hobusegɑ	hobuneksegɑ	5	0.5868391394615173	3	0	1.0
14	hobusegɑ	hobunesːɑ	6	0.5832921266555786	3	0	1.0
14	hobusegɑ	hopunegɑ	7	0.5821451544761658	2	0	1.0
14	hobusegɑ	hobunege	8	0.5808879137039185	2	0	1.0
14	hobusegɑ	hobumegɑ	9	0.5664941072463989	1	0	1.0
14	hobusegɑ	hobunekse	10	0.5573134422302246	4	0	1.0
15	hobusele	hobunele	1	0.9261751174926758	1	0	0.949999988079071
15	hobusele	hobusele	2	0.8345034122467041	0	1	0.949999988079071
15	hobusele	hobunelːe	3	0.7491514682769775	2	0	0.949999988079071
15	hobusele	hobuneːle	4	0.7038704752922058	2	0	0.949999988079071
15	hobusele	hobuselːe	5	0.7007792592048645	1	0	0.949999988079071
15	hobusele	hobunese	6	0.6107255816459656	2	0	0.949999988079071
15	hobusele	hobunekse	7	0.5801056623458862	3	0	0.949999988079071
15	hobusele	hopunele	8	0.5727679133415222	2	0	0.949999988079071
15	hobusele	hobumele	9	0.5645858645439148	1	0	0.949999988079071
15	hobusele	hobukele	10	0.5561181902885437	1	0	0.949999988079071
16	hobuses	hobunes	1	0.9172316789627075	1	0	1.0
16	hobuses	hobuses	2	0.812283456325531	0	1	1.0
16	hobuses	hobuneses	3	0.7172583937644958	2	0	1.0
16	hobuses	hobunest	4	0.6960082054138184	2	0	1.0
16	hobuses	hobuneːs	5	0.6601249575614929	2	0	1.0
16	hobuses	hobuseses	6	0.6359411478042603	2	0	1.0
16	hobuses	hobusest	7	0.6162359714508057	1	0	1.0
16	hobuses	hobunesːe	8	0.6059863567352295	3	0	1.0
16	hobuses	hobunesis	9	0.5896197557449341	3	0	1.0
16	hobuses	hobuneks	10	0.5771032571792603	2	0	1.0
17	hobusest	hobunest	1	0.922676146030426	1	0	1.0
17	hobusest	hobusest	2	0.856849193572998	0	1	1.0
17	hobusest	hobuneːst	3	0.6965053677558899	2	0	1.0
17	hobusest	hobunet	4	0.6533844470977783	2	0	1.0
17	hobusest	hobunekst	5	0.6332323551177979	2	0	1.0
17	hobusest	hobunesest	6	0.5861796736717224	2	0	1.0
17	hobusest	hobuset	7	0.5791710615158081	1	0	1.0
17	hobusest	hopunest	8	0.5724001526832581	2	0	1.0
17	hobusest	hobunestest	9	0.5701656341552734	3	0	1.0
17	hobusest	hobumest	10	0.565442681312561	1	0	1.0
18	hobust	hobunet	1	0.9344485998153687	2	0	0.9444444179534912
18	hobust	hobuset	2	0.7692623138427734	1	0	0.9444444179534912
18	hobust	hobunest	3	0.6781511902809143	2	0	0.9444444179534912
18	hobust	hobunetː	4	0.6304121613502502	3	0	0.9444444179534912
18	hobust	hobunetst	5	0.6265190839767456	3	0	0.9444444179534912
18	hobust	hobunetet	6	0.5983306169509888	4	0	0.9444444179534912
18	hobust	hobunetːet	7	0.5926854014396667	5	0	0.9444444179534912
18	hobust	hobunetːt	8	0.5877636671066284	4	0	0.9444444179534912
18	hobust	hobunett	9	0.5863593220710754	3	0	0.9444444179534912
18	hobust	hobunetːst	10	0.5861552953720093	4	0	0.9444444179534912
19	kruʋi	kruʋi	1	0.9367953538894653	0	1	0.949999988079071
19	kruʋi	kruʋe	2	0.7631139755249023	1	0	0.949999988079071
19	kruʋi	kruʋːi	3	0.5660595297813416	1	0	0.949999988079071
19	kruʋi	kruʋɑ	4	0.5603931546211243	1	0	0.949999988079071
19	kruʋi	kruʋisːegɑgɑgrdrigrerurururururrrrrurrrrrrrrrrrrrrrrurururururururururururururururururrrurururrrururrrururrrrurururrrururururru	5	0.5503607988357544	122	0	0.949999988079071
19	kruʋi	kruʋisːegɑgɑgrigrigrurururururrrrrrurrrrrrrrrrrrrrrrurururururururururururururururururrrurururrrururrrururrrrurururrrururururru	6	0.5476347804069519	122	0	0.949999988079071
19	kruʋi	kruʋisːegɑgɑgrdrigrirurururururrrrrurrrrrrrrrrrrrrrrurururururururururururururururururrrurururrrururrrururrrrurururrrururururru	7	0.5475301146507263	122	0	0.949999988079071
19	kruʋi	kruʋisːegɑgɑgrdrigrerurururururrrrurrrrrrrrrrrrrrrrrurururururururururururururururururrrurururrrururrrururrrrurururrrururururru	8	0.546812117099762	122	0	0.949999988079071
19	kruʋi	kruʋisːegɑgɑgrdrigrerurururururrrrrurrrrrrrrrrrrrrrrurururururururururururururururururrrurururrururrrrurururrurururrrururururru	9	0.5459550619125366	122	0	0.949999988079071
19	kruʋi	kruʋisːegɑgɑgrdrigrirurururururrrrurrrrrrrrrrrrrrrrrurururururururururururururururururrrurururrrururrrururrrrurururrrururururru	10	0.5454644560813904	122	0	0.949999988079071
20	kruʋi	kruʋit	1	0.9014261960983276	1	0	0.6190476417541504
20	kruʋi	kruʋet	2	0.7634316086769104	2	0	0.6190476417541504
20	kruʋi	kruʋi	3	0.7143175601959229	0	1	0.6190476417541504
20	kruʋi	kruʋist	4	0.627992570400238	2	0	0.6190476417541504
20	kruʋi	kruʋt	5	0.6173266768455505	1	0	0.6190476417541504
20	kruʋi	kruʋitetetetest͡st;krurururururrrrrrrrrrrrrrrrrrrrrrrurrrurururururirurururururururururrrururrrrururrrrururrrrururrrrurururrrru	6	0.5975637435913086	122	0	0.6190476417541504
20	kruʋi	kruʋitetetetest͡st;krurururururrrrrrrrrrrrrrrrrrrrrrrurrrurururururururururururururururrrururrrrururrrrururrrrururrrrurururrrru	7	0.5960497856140137	122	0	0.6190476417541504
20	kruʋi	kruʋitetetetest͡st;krurururrurrrrrrrrrrrrrrrrrrrrrrrrurrrurururururirurururururururururrrururrrrururrrrururrrrururrrrurururrrru	8	0.5947118401527405	122	0	0.6190476417541504
20	kruʋi	kruʋitetetetest͡st;krurururururrrrrrrrrrrrrrrrrrrrrrrurrrurururururirururirururururururrrururrrrururrrrururrrrururrrrurururrrru	9	0.5947093963623047	122	0	0.6190476417541504
20	kruʋi	kruʋitetetetest͡st;krurururururrrrrrrrrrrrrrrrrrrrrrrurrrurururururirurururururururururrrururrrrururrrrururrrrururrrrurururrrr	10	0.5937955975532532	121	0	0.6190476417541504
21	kruʋigɑ	kruʋigɑ	1	0.9242579340934753	0	1	1.0
21	kruʋigɑ	kruʋegɑ	2	0.8670037388801575	1	0	1.0
21	kruʋigɑ	kruʋɑgɑ	3	0.6299120783805847	1	0	1.0
21	kruʋigɑ	kruʋːigɑ	4	0.6128628253936768	1	0	1.0
21	kruʋigɑ	kruʋtigɑ	5	0.5504629611968994	1	0	1.0
21	kruʋigɑ	krɔʋigɑ	6	0.5408697724342346	1	0	1.0
21	kruʋigɑ	kruʋigɑgɑgɑgɑgɑgrgrgrurururururrrrrrrrrrrrrrrrrrrrrrurururururururururururururururururrrurururrrururrrururrrrurururrrururururru	7	0.5400581359863281	120	0	1.0
21	kruʋigɑ	kruʋigɑgɑgɑgɑgɑgrgrgrɔrururururrrrrurrrrrrrrrrrrrrrrurururururururururururururururururururururrururrrrurururrurururrrururururru	8	0.5392439365386963	120	0	1.0
21	kruʋigɑ	kruʋigɑgɑgɑgɑgɑgrgrgrɔrururururrrrrurrrrrrrrrrrrrrrrurururururururɔrurururururururururururururrururrrrurururrurururrrururururru	9	0.5386285185813904	120	0	1.0
21	kruʋigɑ	kruʋigɑgɑgɑgɑgɑgrgrgrurururururrrrrrrrrrrrrrrrrrrrrrurururururururururururururururururrrurururrrururrrururrrrurururrrururururr	10	0.5374950170516968	119	0	1.0
22	kruʋile	kruʋile	1	0.8944665193557739	0	1	1.0
22	kruʋile	kruʋele	2	0.844892144203186	1	0	1.0
22	kruʋile	kruʋilːe	3	0.7941836714744568	1	0	1.0
22	kruʋile	kruʋelːe	4	0.7490325570106506	2	0	1.0
22	kruʋile	kruʋɑle	5	0.5844427347183228	1	0	1.0
22	kruʋile	kruʋːe	6	0.5465606451034546	2	0	1.0
22	kruʋile	kruʋdile	7	0.5390394330024719	1	0	1.0
22	kruʋile	kruʋilte	8	0.5376895070075989	1	0	1.0
22	kruʋile	krɔʋile	9	0.5240151286125183	1	0	1.0
22	kruʋile	kruʋule	10	0.5220863819122314	1	0	1.0
23	kruʋis	kruʋis	1	0.9290009140968323	0	1	0.7777777910232544
23	kruʋis	kruʋes	2	0.8188808560371399	1	0	0.7777777910232544
23	kruʋis	kruʋiseseseseseses;krurururururrrrrrrrrrrrrrrrrrrrrrurururururururururururururururururrrurururrrururrrururrrrurururrrurururrrru	3	0.6182764768600464	121	0	0.7777777910232544
23	kruʋis	kruʋiseseseseseses;krurururururrrrrrrrrrrrrrrrrrrrrrurururururururururururururururururrrurururrrururrrururrrrurururrrurururrrr	4	0.6177245378494263	120	0	0.7777777910232544
23	kruʋis	kruʋɑs	5	0.616346001625061	1	0	0.7777777910232544
23	kruʋis	kruʋiseseseseseses;krurururururrrrrrrrrrrrrrrrrrrrrrurururururururururururururururururrrurururrrururrrururrrrurururrrurururrr	6	0.6137251853942871	119	0	0.7777777910232544
23	kruʋis	kruʋiseseseseseses;krurururururrrrrrrrrrrrrrrrrrrrrrurururururururururururururururururrrurururrrururrrururrrrurururrrururur	7	0.613068699836731	117	0	0.7777777910232544
23	kruʋis	kruʋiseseseseseses;krurururururrrrrrrrrrrrrrrrrrrrrrurururururururururururururururururrrurururrrururrrururrrrurururrrurururr	8	0.6119750142097473	118	0	0.7777777910232544
23	kruʋis	kruʋiseseseseseses;krurururururrrrrrrrrrrrrrrrrrrrrrurururururururururururururururururrrurururrrururrrururrrrurururrrururu	9	0.6097480058670044	116	0	0.7777777910232544
23	kruʋis	kruʋiseseseseseses;krurururururrrrrrrrrrrrrrrrrrrrrrururrurururururururururururururururrurururrrururrrururrrrurururrrurururrrru	10	0.6095108985900879	121	0	0.7777777910232544
24	kruʋist	kruʋist	1	0.9291049242019653	0	1	1.0
24	kruʋist	kruʋest	2	0.852791428565979	1	0	1.0
24	kruʋist	kruʋɑst	3	0.6309067606925964	1	0	1.0
24	kruʋist	kruʋːist	4	0.6134297251701355	1	0	1.0
24	kruʋist	kruʋistestest͡st͡st͡sɛrururururrrrururrrrrrrrrrrrrrrurururururururerirururururururururururururrururrrrurururrurururrrururururru	5	0.6027060747146606	120	0	1.0
24	kruʋist	kruʋistestest͡st͡st͡sɛrururururrrrururrrrrrrrrrrrrrrurururururururerirururururururururururururrururrrrurururrurururrrurururur	6	0.5987286567687988	118	0	1.0
24	kruʋist	kruʋistestest͡st͡st͡sɛrururururrrrururrrrrrrrrrrrrrrurururururururerirururururururururururururrururrrrurururrurururrrururururr	7	0.5981293320655823	119	0	1.0
24	kruʋist	kruʋistestest͡st͡st͡sɛrururururrrrururrrrrrrrrrrrrrrurururururururerirururururururururururururrururrrrurururrurururrrurururu	8	0.5969828367233276	117	0	1.0
24	kruʋist	kruʋistestest͡st͡st͡sɛrururururrrrururrrrrrrrrrrrrrrurururururururererururururururururururururrururrrrurururrurururrrururururru	9	0.5967736840248108	120	0	1.0
24	kruʋist	kruʋistestest͡st͡st͡sɛrururururrrrururrrrrrrrrrrrrrrurururururururerurururururururururururururrururrrrurururrurururrrururururru	10	0.5963069200515747	120	0	1.0
25	kuː	kuː	1	0.9063569903373718	0	1	0.9333333373069763
25	kuː	kuːu	2	0.5600765943527222	1	0	0.9333333373069763
25	kuː	kuːe	3	0.5566293001174927	1	0	0.9333333373069763
25	kuː	kuːɑ	4	0.5449252128601074	1	0	0.9333333373069763
25	kuː	kuːt	5	0.5288374423980713	1	0	0.9333333373069763
25	kuː	kuːgɑ	6	0.5278669595718384	2	0	0.9333333373069763
25	kuː	kuːdi	7	0.5155113339424133	2	0	0.9333333373069763
25	kuː	kuːgu	8	0.5008809566497803	2	0	0.9333333373069763
25	kuː	kuːde	9	0.49614474177360535	2	0	0.9333333373069763
25	kuː	kuːi	10	0.49595099687576294	1	0	0.9333333373069763
26	kuːd	kuːt	1	0.9043101668357849	1	0	1.0
26	kuːd	kuː	2	0.6403035521507263	1	0	1.0
26	kuːd	kuːd	3	0.629512369632721	0	1	1.0
26	kuːd	kuːst	4	0.5191986560821533	2	0	1.0
26	kuːd	kuːdu	5	0.5137898325920105	1	0	1.0
26	kuːd	kuːu	6	0.512090802192688	1	0	1.0
26	kuːd	kuːdi	7	0.501869797706604	1	0	1.0
26	kuːd	kuːde	8	0.49865180253982544	1	0	1.0
26	kuːd	kuːdɑ	9	0.49217548966407776	1	0	1.0
26	kuːd	kuː;t	10	0.48986390233039856	2	0	1.0
27	kuːgɑ	kuːgɑ	1	0.9761539697647095	0	1	1.0
27	kuːgɑ	kuːgu	2	0.4956569969654083	1	0	1.0
27	kuːgɑ	kuːgi	3	0.46534937620162964	1	0	1.0
27	kuːgɑ	kuːlegɑ	4	0.46185895800590515	2	0	1.0
27	kuːgɑ	kuːegɑ	5	0.44856348633766174	1	0	1.0
27	kuːgɑ	kuːgɑgɑ	6	0.44719696044921875	2	0	1.0
27	kuːgɑ	kɔːgɑ	7	0.4261239767074585	1	0	1.0
27	kuːgɑ	kuːge	8	0.4237438142299652	1	0	1.0
27	kuːgɑ	koːgɑ	9	0.4223845601081848	1	0	1.0
27	kuːgɑ	kuːgɑvi	10	0.3991836607456207	2	0	1.0
28	kuːle	kuːle	1	0.9753526449203491	0	1	0.9473684430122375
28	kuːle	kuːlːe	2	0.5700596570968628	1	0	0.9473684430122375
28	kuːle	kuːele	3	0.44505858421325684	1	0	0.9473684430122375
28	kuːle	kuːlele	4	0.4235461950302124	2	0	0.9473684430122375
28	kuːle	kuːlese	5	0.4201973080635071	2	0	0.9473684430122375
28	kuːle	koːle	6	0.41852399706840515	1	0	0.9473684430122375
28	kuːle	kɔːle	7	0.41683369874954224	1	0	0.9473684430122375
28	kuːle	kuːlege	8	0.41549861431121826	2	0	0.9473684430122375
28	kuːle	kuːleːe	9	0.4151725769042969	2	0	0.9473684430122375
28	kuːle	kutle	10	0.4136834442615509	1	0	0.9473684430122375
29	kuːs	kuːs	1	0.9749959111213684	0	1	0.7777777910232544
29	kuːs	kuːses	2	0.48872488737106323	2	0	0.7777777910232544
29	kuːs	kuːsis	3	0.4218878448009491	2	0	0.7777777910232544
29	kuːs	kuːsus	4	0.406186580657959	2	0	0.7777777910232544
29	kuːs	kuːst	5	0.40604108572006226	1	0	0.7777777910232544
29	kuːs	kuːsas	6	0.3954455554485321	2	0	0.7777777910232544
29	kuːs	kuːsɛs	7	0.37916460633277893	2	0	0.7777777910232544
29	kuːs	kuhus	8	0.3721238672733307	2	0	0.7777777910232544
29	kuːs	kuts	9	0.37158817052841187	1	0	0.7777777910232544
29	kuːs	koːs	10	0.3632291853427887	1	0	0.7777777910232544
30	kuːst	kuːst	1	0.97525954246521	0	1	1.0
30	kuːst	kuːsest	2	0.5022913217544556	2	0	1.0
30	kuːst	kuːstest	3	0.4960961937904358	3	0	1.0
30	kuːst	kuːst͡st	4	0.47044962644577026	3	0	1.0
30	kuːst	kuːstast	5	0.4618322253227234	3	0	1.0
30	kuːst	kuːstist	6	0.4596775770187378	3	0	1.0
30	kuːst	kuːstst	7	0.45725131034851074	2	0	1.0
30	kuːst	kuːstust	8	0.43922922015190125	3	0	1.0
30	kuːst	kuːstut	9	0.4254077076911926	2	0	1.0
30	kuːst	kuhest	10	0.42082828283309937	2	0	1.0
31	lɑmbi	lɑmbi	1	0.814643383026123	0	1	1.0
31	lɑmbi	lɑmːpi	2	0.7454631328582764	2	0	1.0
31	lɑmbi	lɑmːbi	3	0.7275323867797852	1	0	1.0
31	lɑmbi	lɑmpi	4	0.7024059891700745	1	0	1.0
31	lɑmbi	lɑmbɑ	5	0.6256976127624512	1	0	1.0
31	lɑmbi	lɑmɑ	6	0.6185319423675537	2	0	1.0
31	lɑmbi	lɑmːbɑ	7	0.5627139806747437	2	0	1.0
31	lɑmbi	lɑmːpɑ	8	0.5560025572776794	3	0	1.0
31	lɑmbi	lɑmbu	9	0.5446608662605286	1	0	1.0
31	lɑmbi	lɑm;pi	10	0.5431923270225525	2	0	1.0
32	lɑmbigɑ	lɑmbigɑ	1	0.7870413661003113	0	1	1.0
32	lɑmbigɑ	lɑmpigɑ	2	0.7660687565803528	1	0	1.0
32	lɑmbigɑ	lɑmːpigɑ	3	0.7505078315734863	2	0	1.0
32	lɑmbigɑ	lɑmɑgɑ	4	0.7387995719909668	2	0	1.0
32	lɑmbigɑ	lɑmːbigɑ	5	0.7264179587364197	1	0	1.0
32	lɑmbigɑ	lɑmbɑgɑ	6	0.6993359923362732	1	0	1.0
32	lɑmbigɑ	lɑmːɑgɑ	7	0.6668506860733032	2	0	1.0
32	lɑmbigɑ	lɑmbɑ	8	0.6576687097549438	2	0	1.0
32	lɑmbigɑ	lɑmegɑ	9	0.6533967852592468	2	0	1.0
32	lɑmbigɑ	lɑmpɑgɑ	10	0.6443859338760376	2	0	1.0
33	lɑmbile	lɑmbile	1	0.7758994102478027	0	1	1.0
33	lɑmbile	lɑmpile	2	0.7431227564811707	1	0	1.0
33	lɑmbile	lɑmɑle	3	0.7364128232002258	2	0	1.0
33	lɑmbile	lɑmbɑle	4	0.732587993144989	1	0	1.0
33	lɑmbile	lɑmːpile	5	0.7107183337211609	2	0	1.0
33	lɑmbile	lɑmːbile	6	0.7053699493408203	1	0	1.0
33	lɑmbile	lɑmbilːe	7	0.6866716146469116	1	0	1.0
33	lɑmbile	lɑmpilːe	8	0.6587060689926147	2	0	1.0
33	lɑmbile	lɑmele	9	0.6577784419059753	2	0	1.0
33	lɑmbile	lɑmːɑle	10	0.6514943242073059	2	0	1.0
34	lɑmbis	lɑmbis	1	0.7808723449707031	0	1	0.8888888955116272
34	lɑmbis	lɑmpis	2	0.7687728404998779	1	0	0.8888888955116272
34	lɑmbis	lɑmːpis	3	0.7317752242088318	2	0	0.8888888955116272
34	lɑmbis	lɑmɑs	4	0.7306018471717834	2	0	0.8888888955116272
34	lɑmbis	lɑmːbis	5	0.7023758888244629	1	0	0.8888888955116272
34	lɑmbis	lɑmːɑs	6	0.6447279453277588	2	0	0.8888888955116272
34	lɑmbis	lɑmes	7	0.6429325938224792	2	0	0.8888888955116272
34	lɑmbis	lɑmbɑs	8	0.6404824256896973	1	0	0.8888888955116272
34	lɑmbis	lɑmpɑs	9	0.6101523637771606	2	0	0.8888888955116272
34	lɑmbis	lɑmis	10	0.5879849791526794	1	0	0.8888888955116272
35	lɑmbist	lɑmbist	1	0.8057048320770264	0	1	1.0
35	lɑmbist	lɑmpist	2	0.7895855903625488	1	0	1.0
35	lɑmbist	lɑmɑst	3	0.7599714398384094	2	0	1.0
35	lɑmbist	lɑmːpist	4	0.7381396889686584	2	0	1.0
35	lɑmbist	lɑmːbist	5	0.720897376537323	1	0	1.0
35	lɑmbist	lɑmbɑst	6	0.6886934638023376	1	0	1.0
35	lɑmbist	lɑmest	7	0.6860998868942261	2	0	1.0
35	lɑmbist	lɑmːɑst	8	0.6733190417289734	2	0	1.0
35	lɑmbist	lɑmpɑst	9	0.6410847902297974	2	0	1.0
35	lɑmbist	lɑmist	10	0.6293402910232544	1	0	1.0
36	lɑm;pi	lɑm;pi	1	0.9588873386383057	0	1	1.0
36	lɑm;pi	lɑm;pɑ	2	0.7353931665420532	1	0	1.0
36	lɑm;pi	lɑm;pu	3	0.6519085168838501	1	0	1.0
36	lɑm;pi	lɑm;pe	4	0.5005525946617126	1	0	1.0
36	lɑm;pi	lɑm;pjɑ	5	0.47608259320259094	2	0	1.0
36	lɑm;pi	lɑm;pigɑ	6	0.46593937277793884	2	0	1.0
36	lɑm;pi	lɑm;pist	7	0.4623573124408722	2	0	1.0
36	lɑm;pi	lɑm;;pi	8	0.4620080590248108	1	0	1.0
36	lɑm;pi	lɑm;bi	9	0.4610738456249237	1	0	1.0
36	lɑm;pi	lɑm;pji	10	0.46046552062034607	1	0	1.0
37	mɑdrɑtsi	mɑdrɑtsi	1	0.9055323600769043	0	1	0.9411764740943909
37	mɑdrɑtsi	mɑdrɑtsu	2	0.8433917760848999	1	0	0.9411764740943909
37	mɑdrɑtsi	mɑdrɑtse	3	0.8171755075454712	1	0	0.9411764740943909
37	mɑdrɑtsi	mɑdrɑtsa	4	0.6795419454574585	1	0	0.9411764740943909
37	mɑdrɑtsi	mɑdrɑtsɑ	5	0.638795793056488	1	0	0.9411764740943909
37	mɑdrɑtsi	mɑdrɑtsɨ	6	0.6102932691574097	1	0	0.9411764740943909
37	mɑdrɑtsi	mɑdrɑtsːi	7	0.5722354650497437	1	0	0.9411764740943909
37	mɑdrɑtsi	mɑdrɑtksi	8	0.5623587369918823	1	0	0.9411764740943909
37	mɑdrɑtsi	mɑdrɑts	9	0.5622960925102234	1	0	0.9411764740943909
37	mɑdrɑtsi	mɑdrɑtːsi	10	0.5453469157218933	1	0	0.9411764740943909
38	mɑdrɑtsigɑ	mɑdrɑtsigɑ	1	0.9131569266319275	0	1	0.9473684430122375
38	mɑdrɑtsigɑ	mɑdrɑtsegɑ	2	0.9002442359924316	1	0	0.9473684430122375
38	mɑdrɑtsigɑ	mɑdrɑtsugɑ	3	0.7201946973800659	1	0	0.9473684430122375
38	mɑdrɑtsigɑ	mɑdrɑtsɑ	4	0.714871883392334	2	0	0.9473684430122375
38	mɑdrɑtsigɑ	mɑdrɑtsːɑ	5	0.6598270535469055	2	0	0.9473684430122375
38	mɑdrɑtsigɑ	mɑdrɑtksegɑ	6	0.6399289965629578	2	0	0.9473684430122375
38	mɑdrɑtsigɑ	mɑdrɑtsgɑ	7	0.6305297613143921	1	0	0.9473684430122375
38	mɑdrɑtsigɑ	mɑdrɑdsegɑ	8	0.6199735999107361	2	0	0.9473684430122375
38	mɑdrɑtsigɑ	mɑdrɑtksigɑ	9	0.5868270397186279	1	0	0.9473684430122375
38	mɑdrɑtsigɑ	mɑdrɑtigɑ	10	0.5805703401565552	1	0	0.9473684430122375
39	mɑdrɑtsile	mɑdrɑtse	1	0.9183439016342163	2	0	1.0
39	mɑdrɑtsile	mɑdrɑtsele	2	0.8487951755523682	1	0	1.0
39	mɑdrɑtsile	mɑdrɑtsile	3	0.7743798494338989	0	1	1.0
39	mɑdrɑtsile	mɑdrɑtselːe	4	0.7242246866226196	2	0	1.0
39	mɑdrɑtsile	mɑdrɑtsilːe	5	0.6664901971817017	1	0	1.0
39	mɑdrɑtsile	mɑdrɑtsːe	6	0.6605699062347412	2	0	1.0
39	mɑdrɑtsile	mɑdrɑdsele	7	0.6543533802032471	2	0	1.0
39	mɑdrɑtsile	mɑdrɑtsle	8	0.6369996666908264	1	0	1.0
39	mɑdrɑtsile	mɑdrɑtsule	9	0.6345841884613037	1	0	1.0
39	mɑdrɑtsile	mɑdrɑtkse	10	0.6169925928115845	3	0	1.0
40	mɑdrɑtsis	mɑdrɑtsis	1	0.9337092041969299	0	1	0.9166666865348816
40	mɑdrɑtsis	mɑdrɑtses	2	0.8067138195037842	1	0	0.9166666865348816
40	mɑdrɑtsis	mɑdrɑtsus	3	0.7926908135414124	1	0	0.9166666865348816
40	mɑdrɑtsis	mɑdrɑtsɑ	4	0.6564661860466003	2	0	0.9166666865348816
40	mɑdrɑtsis	mɑdrɑtsises	5	0.6525619029998779	2	0	0.9166666865348816
40	mɑdrɑtsis	mɑdrɑts	6	0.6337430477142334	2	0	0.9166666865348816
40	mɑdrɑtsis	mɑdrɑtsist	7	0.620955765247345	1	0	0.9166666865348816
40	mɑdrɑtsis	mɑdrɑtsːis	8	0.6106626987457275	1	0	0.9166666865348816
40	mɑdrɑtsis	mɑdrɑtst	9	0.605824887752533	2	0	0.9166666865348816
40	mɑdrɑtsis	mɑdrɑtːsis	10	0.5995946526527405	1	0	0.9166666865348816
41	mɑdrɑtsist	mɑdrɑtst	1	0.9540192484855652	2	0	0.9411764740943909
41	mɑdrɑtsist	mɑdrɑtsest	2	0.7853607535362244	1	0	0.9411764740943909
41	mɑdrɑtsist	mɑdrɑtsist	3	0.7418291568756104	0	1	0.9411764740943909
41	mɑdrɑtsist	mɑdrɑtsust	4	0.647771954536438	1	0	0.9411764740943909
41	mɑdrɑtsist	mɑdrɑtkst	5	0.5970140695571899	2	0	0.9411764740943909
41	mɑdrɑtsist	mɑdrɑtstist	6	0.5934687256813049	1	0	0.9411764740943909
41	mɑdrɑtsist	mɑdrɑtsst	7	0.5906884074211121	1	0	0.9411764740943909
41	mɑdrɑtsist	mɑdrɑtstest	8	0.5896313190460205	2	0	0.9411764740943909
41	mɑdrɑtsist	mɑdrɑdst	9	0.5826284885406494	3	0	0.9411764740943909
41	mɑdrɑtsist	mɑdrɑtːst	10	0.582089900970459	2	0	0.9411764740943909
42	mɑdrɑtsit	mɑdrɑtsit	1	0.8817784786224365	0	1	0.8999999761581421
42	mɑdrɑtsit	mɑdrɑtst	2	0.8569734692573547	1	0	0.8999999761581421
42	mɑdrɑtsit	mɑdrɑtsut	3	0.773561418056488	1	0	0.8999999761581421
42	mɑdrɑtsit	mɑdrɑtsi	4	0.7563548684120178	1	0	0.8999999761581421
42	mɑdrɑtsit	mɑdrɑtsu	5	0.7200058102607727	2	0	0.8999999761581421
42	mɑdrɑtsit	mɑdrɑtsist	6	0.6951700448989868	1	0	0.8999999761581421
42	mɑdrɑtsit	mɑdrɑtset	7	0.6801043748855591	1	0	0.8999999761581421
42	mɑdrɑtsit	mɑdrɑtsɑ	8	0.6706513166427612	2	0	0.8999999761581421
42	mɑdrɑtsit	mɑdrɑtsust	9	0.6325944662094116	2	0	0.8999999761581421
42	mɑdrɑtsit	mɑdrɑtsid	10	0.592288076877594	1	0	0.8999999761581421
43	mɑjɑ	mɑjɑ	1	0.973871648311615	0	1	1.0
43	mɑjɑ	mɑjːɑ	2	0.44072532653808594	1	0	1.0
43	mɑjɑ	mɑɑjɑ	3	0.38646990060806274	1	0	1.0
43	mɑjɑ	mɑjdɑ	4	0.37736961245536804	1	0	1.0
43	mɑjɑ	mɑjɑs	5	0.3766110837459564	1	0	1.0
43	mɑjɑ	mɑiɑ	6	0.3746996521949768	1	0	1.0
43	mɑjɑ	mɑsjɑ	7	0.37278592586517334	1	0	1.0
43	mɑjɑ	mɑjjɑ	8	0.37011227011680603	1	0	1.0
43	mɑjɑ	mɑj;ɑ	9	0.36864039301872253	1	0	1.0
43	mɑjɑ	mɑjɑː	10	0.3551751673221588	1	0	1.0
44	mɑjɑ	mɑjɑ	1	0.9391680359840393	0	1	0.9047619104385376
44	mɑjɑ	mɑjɑt	2	0.7155898213386536	1	0	0.9047619104385376
44	mɑjɑ	mɑjɑst	3	0.5985133647918701	2	0	0.9047619104385376
44	mɑjɑ	mɑjɑd	4	0.542123019695282	1	0	0.9047619104385376
44	mɑjɑ	mɑjɑː	5	0.45957598090171814	1	0	0.9047619104385376
44	mɑjɑ	mɑjɑgɑ	6	0.4502481520175934	2	0	0.9047619104385376
44	mɑjɑ	mɑjɑlt	7	0.44464635848999023	2	0	0.9047619104385376
44	mɑjɑ	mɑjɑ;t	8	0.4391281008720398	2	0	0.9047619104385376
44	mɑjɑ	mɑjɑɑ	9	0.42109066247940063	1	0	0.9047619104385376
44	mɑjɑ	mɑj;ɑ	10	0.4190790057182312	1	0	0.9047619104385376
45	mɑjɑgɑ	mɑjɑgɑ	1	0.9761226177215576	0	1	1.0
45	mɑjɑgɑ	mɑjːɑgɑ	2	0.5115150809288025	1	0	1.0
45	mɑjɑgɑ	mɑjɑgɑgɑ	3	0.47633397579193115	2	0	1.0
45	mɑjɑgɑ	mɑjɑgjɑ	4	0.47585251927375793	1	0	1.0
45	mɑjɑgɑ	mɑɑjɑgɑ	5	0.47484874725341797	1	0	1.0
45	mɑjɑgɑ	mɑjɑːgɑ	6	0.4679848253726959	1	0	1.0
45	mɑjɑgɑ	mɑiɑgɑ	7	0.4654027819633484	1	0	1.0
45	mɑjɑgɑ	mɑjdɑgɑ	8	0.4638862907886505	1	0	1.0
45	mɑjɑgɑ	mɑjɑgu	9	0.4528442919254303	1	0	1.0
45	mɑjɑgɑ	mɑːɑgɑ	10	0.4274624288082123	1	0	1.0
46	mɑjɑle	mɑjɑle	1	0.955165445804596	0	1	1.0
46	mɑjɑle	mɑjɑlːe	2	0.7817716002464294	1	0	1.0
46	mɑjɑle	mɑjɑlte	3	0.5241775512695312	1	0	1.0
46	mɑjɑle	mɑjːɑle	4	0.5167369246482849	1	0	1.0
46	mɑjɑle	mɑjɑl;e	5	0.5020411014556885	1	0	1.0
46	mɑjɑle	mɑjɑlde	6	0.47567513585090637	1	0	1.0
46	mɑjɑle	mɑjɑli	7	0.467731773853302	1	0	1.0
46	mɑjɑle	mɑjdɑle	8	0.4671243727207184	1	0	1.0
46	mɑjɑle	mɑiɑle	9	0.45889416337013245	1	0	1.0
46	mɑjɑle	mɑjɑlɛ	10	0.45023736357688904	1	0	1.0
47	mɑjɑs	mɑjɑs	1	0.9747598171234131	0	1	1.0
47	mɑjɑs	mɑjɑses	2	0.49378934502601624	2	0	1.0
47	mɑjɑs	mɑjːɑs	3	0.4863891005516052	1	0	1.0
47	mɑjɑs	mɑjɑːs	4	0.4568140208721161	1	0	1.0
47	mɑjɑs	mɑjɑst	5	0.4557421803474426	1	0	1.0
47	mɑjɑs	mɑsjɑs	6	0.43065303564071655	1	0	1.0
47	mɑjɑs	mɑɑjɑs	7	0.42976638674736023	1	0	1.0
47	mɑjɑs	mɑjdɑs	8	0.4273762106895447	1	0	1.0
47	mɑjɑs	mɑiɑs	9	0.4223381578922272	1	0	1.0
47	mɑjɑs	mɑjɑsas	10	0.40695467591285706	2	0	1.0
48	mɑjɑst	mɑjɑst	1	0.9756271839141846	0	1	1.0
48	mɑjɑst	mɑjɑstest	2	0.5274839997291565	3	0	1.0
48	mɑjɑst	mɑjɑsest	3	0.5218205451965332	2	0	1.0
48	mɑjɑst	mɑjːɑst	4	0.5167879462242126	1	0	1.0
48	mɑjɑst	mɑjɑstist	5	0.5026254057884216	3	0	1.0
48	mɑjɑst	mɑjɑstast	6	0.48934099078178406	3	0	1.0
48	mɑjɑst	mɑjɑstst	7	0.48813486099243164	2	0	1.0
48	mɑjɑst	mɑɑjɑst	8	0.47502994537353516	1	0	1.0
48	mɑjɑst	mɑsjɑst	9	0.47227561473846436	1	0	1.0
48	mɑjɑst	mɑiɑst	10	0.4700094759464264	1	0	1.0
49	mɑsinɑ	mɑsinɑ	1	0.8799257874488831	0	1	1.0
49	mɑsinɑ	mɑsini	2	0.8576502203941345	1	0	1.0
49	mɑsinɑ	mɑsinu	3	0.7597934007644653	1	0	1.0
49	mɑsinɑ	mɑsine	4	0.6481739282608032	1	0	1.0
49	mɑsinɑ	mɑsina	5	0.5008461475372314	1	0	1.0
49	mɑsinɑ	mɑsin	6	0.4666134715080261	1	0	1.0
49	mɑsinɑ	mɑsinjɑ	7	0.45682579278945923	1	0	1.0
49	mɑsinɑ	mɑsiɲi	8	0.4524552524089813	2	0	1.0
49	mɑsinɑ	mɑsindi	9	0.4338255226612091	2	0	1.0
49	mɑsinɑ	mɑsinːi	10	0.4302557408809662	2	0	1.0
50	mɑsinɑgɑ	mɑsinɑ	1	0.914924681186676	2	0	1.0
50	mɑsinɑgɑ	mɑsinigɑ	2	0.8082206845283508	1	0	1.0
50	mɑsinɑgɑ	mɑsinɑgɑ	3	0.8042119145393372	0	1	1.0
50	mɑsinɑgɑ	mɑsinegɑ	4	0.7074155211448669	1	0	1.0
50	mɑsinɑgɑ	mɑsinugɑ	5	0.6467299461364746	1	0	1.0
50	mɑsinɑgɑ	mɑsinɑsegɑ	6	0.5873393416404724	2	0	1.0
50	mɑsinɑgɑ	mɑsinɑːgɑ	7	0.565589964389801	1	0	1.0
50	mɑsinɑgɑ	mɑsinɑlegɑ	8	0.5414333939552307	2	0	1.0
50	mɑsinɑgɑ	mɑsingɑ	9	0.5361323356628418	1	0	1.0
50	mɑsinɑgɑ	mɑsisegɑ	10	0.5299010872840881	2	0	1.0
51	mɑsinɑle	mɑsinɑle	1	0.8777772188186646	0	1	0.8999999761581421
51	mɑsinɑle	mɑsinele	2	0.8359609246253967	1	0	0.8999999761581421
51	mɑsinɑle	mɑsinile	3	0.8164358139038086	1	0	0.8999999761581421
51	mɑsinɑle	mɑsinelːe	4	0.7216722965240479	2	0	0.8999999761581421
51	mɑsinɑle	mɑsinilːe	5	0.7191131711006165	2	0	0.8999999761581421
51	mɑsinɑle	mɑsinɑlːe	6	0.7141567468643188	1	0	0.8999999761581421
51	mɑsinɑle	mɑsinule	7	0.6976404786109924	1	0	0.8999999761581421
51	mɑsinɑle	mɑsinle	8	0.6742886304855347	1	0	0.8999999761581421
51	mɑsinɑle	mɑsinulːe	9	0.597286581993103	2	0	0.8999999761581421
51	mɑsinɑle	mɑsiɲe	10	0.5883331894874573	3	0	0.8999999761581421
52	mɑsinɑs	mɑsinɑs	1	0.9137943983078003	0	1	1.0
52	mɑsinɑs	mɑsinis	2	0.8511265516281128	1	0	1.0
52	mɑsinɑs	mɑsinus	3	0.7300980687141418	1	0	1.0
52	mɑsinɑs	mɑsines	4	0.6594120264053345	1	0	1.0
52	mɑsinɑs	mɑsinɑses	5	0.5545569062232971	2	0	1.0
52	mɑsinɑs	mɑsinjɑs	6	0.533632755279541	1	0	1.0
52	mɑsinɑs	mɑsinɑst	7	0.5276501774787903	1	0	1.0
52	mɑsinɑs	mɑsinises	8	0.5144678950309753	3	0	1.0
52	mɑsinɑs	mɑsiɲis	9	0.5110117793083191	2	0	1.0
52	mɑsinɑs	mɑsinɑsis	10	0.496642142534256	2	0	1.0
53	mɑsinɑst	mɑsinɑst	1	0.9263445138931274	0	1	1.0
53	mɑsinɑst	mɑsinist	2	0.85106360912323	1	0	1.0
53	mɑsinɑst	mɑsinest	3	0.7206453084945679	1	0	1.0
53	mɑsinɑst	mɑsinust	4	0.7071743607521057	1	0	1.0
53	mɑsinɑst	mɑsinst	5	0.608900785446167	1	0	1.0
53	mɑsinɑst	mɑsinɑstest	6	0.5642061233520508	3	0	1.0
53	mɑsinɑst	mɑsinɑsest	7	0.561363935470581	2	0	1.0
53	mɑsinɑst	mɑsinjɑst	8	0.5486230254173279	1	0	1.0
53	mɑsinɑst	mɑsinɑstist	9	0.5479186177253723	3	0	1.0
53	mɑsinɑst	mɑsist	10	0.5428600907325745	2	0	1.0
54	mɑsinɑt	mɑsinɑ	1	0.8158368468284607	1	0	1.0
54	mɑsinɑt	mɑsinit	2	0.7854167222976685	1	0	1.0
54	mɑsinɑt	mɑsinut	3	0.770795464515686	1	0	1.0
54	mɑsinɑt	mɑsinɑt	4	0.7701665163040161	0	1	1.0
54	mɑsinɑt	mɑsint	5	0.757098913192749	1	0	1.0
54	mɑsinɑt	mɑsinɑst	6	0.6710901260375977	1	0	1.0
54	mɑsinɑt	mɑsinu	7	0.6488643288612366	2	0	1.0
54	mɑsinɑt	mɑsini	8	0.632635772228241	2	0	1.0
54	mɑsinɑt	mɑsinist	9	0.6126388311386108	2	0	1.0
54	mɑsinɑt	mɑsinust	10	0.6110439896583557	2	0	1.0
55	noɑ	nugɑ	1	0.974036455154419	2	0	1.0
55	noɑ	nugːɑ	2	0.4239804744720459	3	0	1.0
55	noɑ	nɑugɑ	3	0.3937099575996399	3	0	1.0
55	noɑ	nɔgɑ	4	0.3921460509300232	2	0	1.0
55	noɑ	nugɑgɑ	5	0.3852843940258026	4	0	1.0
55	noɑ	nugɑs	6	0.3634214401245117	3	0	1.0
55	noɑ	nuːɑ	7	0.3617246747016907	2	0	1.0
55	noɑ	nuɑ	8	0.361327201128006	1	0	1.0
55	noɑ	nudɑ	9	0.35353410243988037	2	0	1.0
55	noɑ	nugɑl	10	0.3450416028499603	3	0	1.0
56	noɑgɑ	nugɑgɑ	1	0.948749303817749	2	0	0.4000000059604645
56	noɑgɑ	nugɑ	2	0.7000078558921814	2	0	0.4000000059604645
56	noɑgɑ	nugɑlegɑ	3	0.551938533782959	4	0	0.4000000059604645
56	noɑgɑ	nugɑsegɑ	4	0.526406466960907	4	0	0.4000000059604645
56	noɑgɑ	nuɑgɑ	5	0.49573829770088196	1	0	0.4000000059604645
56	noɑgɑ	nugɑl	6	0.49413684010505676	3	0	0.4000000059604645
56	noɑgɑ	nuːɑgɑ	7	0.49387359619140625	2	0	0.4000000059604645
56	noɑgɑ	nugɑːgɑ	8	0.4925948977470398	3	0	0.4000000059604645
56	noɑgɑ	nɔgɑgɑ	9	0.47798699140548706	2	0	0.4000000059604645
56	noɑgɑ	nudɑgɑ	10	0.4772823452949524	2	0	0.4000000059604645
57	noɑle	nugɑle	1	0.9536916017532349	2	0	0.5714285969734192
57	noɑle	nugɑlːe	2	0.7726267576217651	3	0	0.5714285969734192
57	noɑle	nugɑlte	3	0.5178345441818237	3	0	0.5714285969734192
57	noɑle	nuɑle	4	0.5102580189704895	1	0	0.5714285969734192
57	noɑle	nuːɑle	5	0.5082620978355408	2	0	0.5714285969734192
57	noɑle	nugɑl;e	6	0.4974856674671173	3	0	0.5714285969734192
57	noɑle	nudɑle	7	0.49534085392951965	2	0	0.5714285969734192
57	noɑle	nɔgɑle	8	0.47504717111587524	2	0	0.5714285969734192
57	noɑle	nueɑle	9	0.46747222542762756	2	0	0.5714285969734192
57	noɑle	nugɑlɛ	10	0.4602125287055969	3	0	0.5714285969734192
58	noɑs	nugɑs	1	0.970372200012207	2	0	0.5
58	noɑs	nugɑses	2	0.49358415603637695	4	0	0.5
58	noɑs	nuɑs	3	0.4817962944507599	1	0	0.5
58	noɑs	nudɑs	4	0.46983590722084045	2	0	0.5
58	noɑs	nugːɑs	5	0.46316784620285034	3	0	0.5
58	noɑs	nugɑːs	6	0.46130794286727905	3	0	0.5
58	noɑs	nugɑst	7	0.4551416337490082	3	0	0.5
58	noɑs	nuːɑs	8	0.4546237289905548	2	0	0.5
58	noɑs	nɔgɑs	9	0.4334379732608795	2	0	0.5
58	noɑs	nugɑsis	10	0.42306727170944214	4	0	0.5
59	noɑst	nugɑst	1	0.970755934715271	2	0	0.5882353186607361
59	noɑst	nuɑst	2	0.5486997961997986	1	0	0.5882353186607361
59	noɑst	nugɑstest	3	0.526822030544281	5	0	0.5882353186607361
59	noɑst	nudɑst	4	0.5237878561019897	2	0	0.5882353186607361
59	noɑst	nugɑsest	5	0.5194304585456848	4	0	0.5882353186607361
59	noɑst	nuːɑst	6	0.5187898874282837	2	0	0.5882353186607361
59	noɑst	nugɑstist	7	0.49984580278396606	5	0	0.5882353186607361
59	noɑst	nugɑst͡st	8	0.4960841238498688	5	0	0.5882353186607361
59	noɑst	nugɑstust	9	0.49475905299186707	5	0	0.5882353186607361
59	noɑst	nugːɑst	10	0.488373339176178	3	0	0.5882353186607361
60	nugɑ	nugɑ	1	0.9527432918548584	0	1	0.8333333134651184
60	nugɑ	nugɑt	2	0.6655003428459167	1	0	0.8333333134651184
60	nugɑ	nugɑst	3	0.5741958022117615	2	0	0.8333333134651184
60	nugɑ	nugɑd	4	0.5366222858428955	1	0	0.8333333134651184
60	nugɑ	nugɑlt	5	0.44985565543174744	2	0	0.8333333134651184
60	nugɑ	nugɑgɑ	6	0.4380154311656952	2	0	0.8333333134651184
60	nugɑ	nugɑː	7	0.4326159954071045	1	0	0.8333333134651184
60	nugɑ	nugɑl	8	0.4206245243549347	1	0	0.8333333134651184
60	nugɑ	nugːɑ	9	0.41919466853141785	1	0	0.8333333134651184
60	nugɑ	nugɑj	10	0.39982232451438904	1	0	0.8333333134651184
61	pæikesele	pæikele	1	0.9614678621292114	2	0	0.8947368264198303
61	pæikesele	pæikelːe	2	0.7354191541671753	3	0	0.8947368264198303
61	pæikesele	pæikeːle	3	0.6376059651374817	2	0	0.8947368264198303
61	pæikesele	pæikese	4	0.5711640119552612	2	0	0.8947368264198303
61	pæikesele	pæikːele	5	0.5574846863746643	2	0	0.8947368264198303
61	pæikesele	pæikelte	6	0.5472733378410339	3	0	0.8947368264198303
61	pæikesele	pæikdele	7	0.5431948304176331	2	0	0.8947368264198303
61	pæikesele	pæiksele	8	0.5400943160057068	1	0	0.8947368264198303
61	pæikesele	pæigele	9	0.5230616927146912	3	0	0.8947368264198303
61	pæikesele	pæitele	10	0.5106253027915955	3	0	0.8947368264198303
62	pæikesegɑ	pæikegɑ	1	0.9695459604263306	2	0	0.8500000238418579
62	pæikesegɑ	pæikesegɑ	2	0.6099157929420471	0	1	0.8500000238418579
62	pæikesegɑ	pæikeːgɑ	3	0.6050513982772827	2	0	0.8500000238418579
62	pæikesegɑ	pæikege	4	0.568159818649292	3	0	0.8500000238418579
62	pæikesegɑ	pæikːegɑ	5	0.5655637979507446	2	0	0.8500000238418579
62	pæikesegɑ	pæiksegɑ	6	0.5496929883956909	1	0	0.8500000238418579
62	pæikesegɑ	pæigegɑ	7	0.5287843346595764	3	0	0.8500000238418579
62	pæikesegɑ	pæikegu	8	0.5130562782287598	3	0	0.8500000238418579
62	pæikesegɑ	pæitegɑ	9	0.5075081586837769	3	0	0.8500000238418579
62	pæikesegɑ	pæikegɑgɑ	10	0.49876725673675537	2	0	0.8500000238418579
63	pæikesest	pæikest	1	0.9601017236709595	2	0	0.7647058963775635
63	pæikesest	pæikeːst	2	0.6753988862037659	2	0	0.7647058963775635
63	pæikesest	pæiket	3	0.6330874562263489	3	0	0.7647058963775635
63	pæikesest	pæikekst	4	0.6155156493186951	2	0	0.7647058963775635
63	pæikesest	pæikesest	5	0.5823827385902405	0	1	0.7647058963775635
63	pæikesest	pæikedest	6	0.5678859949111938	1	0	0.7647058963775635
63	pæikesest	pæikːest	7	0.5662958025932312	2	0	0.7647058963775635
63	pæikesest	pæikestest	8	0.5619670748710632	1	0	0.7647058963775635
63	pæikesest	pæikestist	9	0.5326005816459656	2	0	0.7647058963775635
63	pæikesest	pæikestst	10	0.5309423804283142	1	0	0.7647058963775635
64	pæikese	pæike	1	0.9387766122817993	2	0	1.0
64	pæikese	pæikese	2	0.7202898859977722	0	1	1.0
64	pæikese	pæiket	3	0.6009918451309204	2	0	1.0
64	pæikese	pæikesːe	4	0.585144579410553	1	0	1.0
64	pæikese	pæikekse	5	0.5799623727798462	1	0	1.0
64	pæikese	pæikeː	6	0.5736773610115051	2	0	1.0
64	pæikese	pæikes	7	0.5664342045783997	1	0	1.0
64	pæikese	pæikele	8	0.5538733601570129	1	0	1.0
64	pæikese	pæikest	9	0.5311490297317505	1	0	1.0
64	pæikese	pæikede	10	0.5298528671264648	1	0	1.0
65	pæikeses	pæikes	1	0.9531311392784119	2	0	0.8888888955116272
65	pæikeses	pæikeses	2	0.7062925100326538	0	1	0.8888888955116272
65	pæikeses	pæikest	3	0.6485943794250488	2	0	0.8888888955116272
65	pæikeses	pæikeːs	4	0.6070253849029541	2	0	0.8888888955116272
65	pæikeses	pæikesː	5	0.5579494833946228	2	0	0.8888888955116272
65	pæikeses	pæikesis	6	0.5538548231124878	1	0	0.8888888955116272
65	pæikeses	pæik;es	7	0.5522652864456177	2	0	0.8888888955116272
65	pæikeses	pæikːes	8	0.536516010761261	2	0	0.8888888955116272
65	pæikeses	pæikesːe	9	0.5336300730705261	2	0	0.8888888955116272
65	pæikeses	pæikeks	10	0.5301336646080017	2	0	0.8888888955116272
66	pæikest	pæiket	1	0.9487754106521606	1	0	1.0
66	pæikest	pæikest	2	0.6711994409561157	0	1	1.0
66	pæikest	pæiketst	3	0.6274908781051636	1	0	1.0
66	pæikest	pæiketː	4	0.6177404522895813	2	0	1.0
66	pæikest	pæiketet	5	0.6108832955360413	2	0	1.0
66	pæikest	pæiketːet	6	0.5906794667243958	3	0	1.0
66	pæikest	pæik;et	7	0.5903224945068359	2	0	1.0
66	pæikest	pæikett	8	0.583272397518158	1	0	1.0
66	pæikest	pæiketːt	9	0.5707528591156006	2	0	1.0
66	pæikest	pæiketut	10	0.5687615275382996	2	0	1.0
67	pɑtɑrei	pɑtɑrei	1	0.9665178060531616	0	1	0.9375
67	pɑtɑrei	pɑtɑreːi	2	0.5354481935501099	1	0	0.9375
67	pɑtɑrei	pɑtɑrti	3	0.5261135697364807	1	0	0.9375
67	pɑtɑrei	pɑtɑreji	4	0.5163748860359192	1	0	0.9375
67	pɑtɑrei	pɑtɑreise	5	0.508070170879364	2	0	0.9375
67	pɑtɑrei	pɑtɑreini	6	0.502796471118927	2	0	0.9375
67	pɑtɑrei	pɑtɑrre	7	0.5018547773361206	2	0	0.9375
67	pɑtɑrei	pɑtɑsei	8	0.500657320022583	1	0	0.9375
67	pɑtɑrei	pɑtɑreki	9	0.49981674551963806	1	0	0.9375
67	pɑtɑrei	pɑtɑri	10	0.4996930956840515	1	0	0.9375
68	pɑtɑreid	pɑtɑreit	1	0.9601524472236633	1	0	0.800000011920929
68	pɑtɑreid	pɑtɑreist	2	0.7046473622322083	2	0	0.800000011920929
68	pɑtɑreid	pɑtɑreiɑ	3	0.6383456587791443	1	0	0.800000011920929
68	pɑtɑreid	pɑtɑreid	4	0.6195433735847473	0	1	0.800000011920929
68	pɑtɑreid	pɑtɑr;eit	5	0.6090309619903564	2	0	0.800000011920929
68	pɑtɑreid	pɑtɑrei	6	0.5869799852371216	1	0	0.800000011920929
68	pɑtɑreid	pɑtɑreilt	7	0.5800213813781738	2	0	0.800000011920929
68	pɑtɑreid	pɑtɑrtit	8	0.5723537802696228	2	0	0.800000011920929
68	pɑtɑreid	pɑtɑrreit	9	0.5637332797050476	2	0	0.800000011920929
68	pɑtɑreid	pɑtɑreitst	10	0.5468538403511047	3	0	0.800000011920929
69	pɑtɑreigɑ	pɑtɑreigɑ	1	0.970953643321991	0	1	0.949999988079071
69	pɑtɑreigɑ	pɑtɑreːigɑ	2	0.5944096446037292	1	0	0.949999988079071
69	pɑtɑreigɑ	pɑtɑreigi	3	0.5834583044052124	1	0	0.949999988079071
69	pɑtɑreigɑ	pɑtɑrtigɑ	4	0.5728605389595032	1	0	0.949999988079071
69	pɑtɑreigɑ	pɑtɑregɑ	5	0.5716634392738342	1	0	0.949999988079071
69	pɑtɑreigɑ	pɑːɑreigɑ	6	0.5665616393089294	1	0	0.949999988079071
69	pɑtɑreigɑ	pɑtɑrregɑ	7	0.5642041563987732	2	0	0.949999988079071
69	pɑtɑreigɑ	pɑtɑreigu	8	0.5624164342880249	1	0	0.949999988079071
69	pɑtɑreigɑ	pɑtɑreegɑ	9	0.5571900010108948	1	0	0.949999988079071
69	pɑtɑreigɑ	pɑtɑreigjɑ	10	0.5541236996650696	1	0	0.949999988079071
70	pɑtɑreile	pɑtɑreile	1	0.9522465467453003	0	1	0.8500000238418579
70	pɑtɑreile	pɑtɑreilːe	2	0.8383081555366516	1	0	0.8500000238418579
70	pɑtɑreile	pɑtɑreilte	3	0.6175930500030518	1	0	0.8500000238418579
70	pɑtɑreile	pɑtɑreil;e	4	0.5905567407608032	1	0	0.8500000238418579
70	pɑtɑreile	pɑtɑreili	5	0.576390266418457	1	0	0.8500000238418579
70	pɑtɑreile	pɑtɑreːle	6	0.5627889633178711	1	0	0.8500000238418579
70	pɑtɑreile	pɑtɑreil	7	0.5613285899162292	1	0	0.8500000238418579
70	pɑtɑreile	pɑtɑrele	8	0.5613251328468323	1	0	0.8500000238418579
70	pɑtɑreile	pɑtɑseile	9	0.5571548342704773	1	0	0.8500000238418579
70	pɑtɑreile	pɑdɑreile	10	0.5538831353187561	1	0	0.8500000238418579
71	pɑtɑreis	pɑtɑreis	1	0.9665141701698303	0	1	0.9090909361839294
71	pɑtɑreis	pɑtɑreises	2	0.623468279838562	2	0	0.9090909361839294
71	pɑtɑreis	pɑtɑreist	3	0.6044655442237854	1	0	0.9090909361839294
71	pɑtɑreis	pɑtɑr;eis	4	0.5950031876564026	1	0	0.9090909361839294
71	pɑtɑreis	pɑtɑrseis	5	0.578521728515625	1	0	0.9090909361839294
71	pɑtɑreis	pɑtɑreːis	6	0.5724246501922607	1	0	0.9090909361839294
71	pɑtɑreis	pɑtɑrtis	7	0.5721614360809326	1	0	0.9090909361839294
71	pɑtɑreis	pɑtɑrreis	8	0.5625535845756531	1	0	0.9090909361839294
71	pɑtɑreis	pɑtɑreisis	9	0.5530508160591125	2	0	0.9090909361839294
71	pɑtɑreis	pɑtɑseis	10	0.5430335998535156	1	0	0.9090909361839294
72	pɑtɑreist	pɑtɑreist	1	0.9689200520515442	0	1	1.0
72	pɑtɑreist	pɑtɑreisest	2	0.60810786485672	2	0	1.0
72	pɑtɑreist	pɑtɑreistest	3	0.602302074432373	3	0	1.0
72	pɑtɑreist	pɑtɑreːist	4	0.5987072587013245	1	0	1.0
72	pɑtɑreist	pɑtɑr;eist	5	0.5924059748649597	1	0	1.0
72	pɑtɑreist	pɑtɑrtist	6	0.5903695225715637	1	0	1.0
72	pɑtɑreist	pɑtɑretist	7	0.5847991108894348	1	0	1.0
72	pɑtɑreist	pɑtɑreikst	8	0.5807790756225586	1	0	1.0
72	pɑtɑreist	pɑtɑreistst	9	0.5801600813865662	2	0	1.0
72	pɑtɑreist	pɑtɑreistist	10	0.5768819451332092	3	0	1.0
73	rɑːdio	rɑːdio	1	0.9764764308929443	0	1	1.0
73	rɑːdio	rɑːtio	2	0.4999711513519287	1	0	1.0
73	rɑːdio	rɑːdioni	3	0.49115583300590515	2	0	1.0
73	rɑːdio	rɑːdiːo	4	0.48170340061187744	1	0	1.0
73	rɑːdio	rɑːdiogɑ	5	0.47963574528694153	2	0	1.0
73	rɑːdio	rɑːdios	6	0.47045600414276123	1	0	1.0
73	rɑːdio	rɑhdio	7	0.47018641233444214	1	0	1.0
73	rɑːdio	rɑːdiose	8	0.459250271320343	2	0	1.0
73	rɑːdio	rɑːdioka	9	0.45820021629333496	2	0	1.0
73	rɑːdio	rɑːdiot	10	0.4581107199192047	1	0	1.0
74	rɑːdiogɑ	rɑːdiogɑ	1	0.9796551465988159	0	1	0.9523809552192688
74	rɑːdiogɑ	rɑːtiogɑ	2	0.5723487734794617	1	0	0.9523809552192688
74	rɑːdiogɑ	rɑːdiːogɑ	3	0.5485957860946655	1	0	0.9523809552192688
74	rɑːdiogɑ	rɑhdiogɑ	4	0.5388806462287903	1	0	0.9523809552192688
74	rɑːdiogɑ	rɑːdiogjɑ	5	0.5315821766853333	1	0	0.9523809552192688
74	rɑːdiogɑ	rɑːdiogɑgɑ	6	0.527506411075592	2	0	0.9523809552192688
74	rɑːdiogɑ	rɑːdjogɑ	7	0.5210268497467041	1	0	0.9523809552192688
74	rɑːdiogɑ	rɑːdeogɑ	8	0.5187680721282959	1	0	0.9523809552192688
74	rɑːdiogɑ	rɑːdiogu	9	0.5180693864822388	1	0	0.9523809552192688
74	rɑːdiogɑ	rɑːdiogi	10	0.5148242115974426	1	0	0.9523809552192688
75	rɑːdiole	rɑːdiole	1	0.9560045003890991	0	1	0.949999988079071
75	rɑːdiole	rɑːdiolːe	2	0.8361362218856812	1	0	0.949999988079071
75	rɑːdiole	rɑːdiolte	3	0.6012939214706421	1	0	0.949999988079071
75	rɑːdiole	rɑːdiol;e	4	0.573944628238678	1	0	0.949999988079071
75	rɑːdiole	rɑːdioli	5	0.5723125338554382	1	0	0.949999988079071
75	rɑːdiole	rɑːtiole	6	0.5516803860664368	1	0	0.949999988079071
75	rɑːdiole	rɑːdiolɛ	7	0.5482601523399353	1	0	0.949999988079071
75	rɑːdiole	rɑːdiolke	8	0.5413374900817871	1	0	0.949999988079071
75	rɑːdiole	rɑːdiolde	9	0.5404765009880066	1	0	0.949999988079071
75	rɑːdiole	rɑhdiole	10	0.5267645716667175	1	0	0.949999988079071
76	rɑːdios	rɑːdios	1	0.9760381579399109	0	1	1.0
76	rɑːdios	rɑːdioses	2	0.6052473187446594	2	0	1.0
76	rɑːdios	rɑːdiost	3	0.5704053044319153	1	0	1.0
76	rɑːdios	rɑːtios	4	0.5430366396903992	1	0	1.0
76	rɑːdios	rɑːdiosis	5	0.5364464521408081	2	0	1.0
76	rɑːdios	rɑhdios	6	0.5179473161697388	1	0	1.0
76	rɑːdios	rɑːdiːos	7	0.5176883339881897	1	0	1.0
76	rɑːdios	rɑːdioːs	8	0.5095105171203613	1	0	1.0
76	rɑːdios	rɑːdiosːɑ	9	0.5077573657035828	2	0	1.0
76	rɑːdios	rɑːdioks	10	0.5021690726280212	1	0	1.0
77	rɑːdiost	rɑːdiost	1	0.9770245552062988	0	1	0.9333333373069763
77	rɑːdiost	rɑːdiosest	2	0.5919497013092041	2	0	0.9333333373069763
77	rɑːdiost	rɑːdiostest	3	0.5882894396781921	3	0	0.9333333373069763
77	rɑːdiost	rɑːtiost	4	0.5816858410835266	1	0	0.9333333373069763
77	rɑːdiost	rɑːdiostist	5	0.5628591775894165	3	0	0.9333333373069763
77	rɑːdiost	rɑːdiokst	6	0.5547187328338623	1	0	0.9333333373069763
77	rɑːdiost	rɑːdiostst	7	0.5538349747657776	2	0	0.9333333373069763
77	rɑːdiost	rɑːdiːost	8	0.5450525283813477	1	0	0.9333333373069763
77	rɑːdiost	rɑhdiost	9	0.5409196615219116	1	0	0.9333333373069763
77	rɑːdiost	rɑːdjost	10	0.5200715065002441	1	0	0.9333333373069763
78	rɑːdiot	rɑːdiot	1	0.9692758321762085	0	1	1.0
78	rɑːdiot	rɑːdiost	2	0.6621320247650146	1	0	1.0
78	rɑːdiot	rɑːdioɑ	3	0.6126254200935364	1	0	1.0
78	rɑːdiot	rɑːdiod	4	0.5763367414474487	1	0	1.0
78	rɑːdiot	rɑːdio	5	0.5590324401855469	1	0	1.0
78	rɑːdiot	rɑːtiot	6	0.5362136363983154	1	0	1.0
78	rɑːdiot	rɑːdiout	7	0.5342270731925964	1	0	1.0
78	rɑːdiot	rɑhdiot	8	0.5297277569770813	1	0	1.0
78	rɑːdiot	rɑːdiolt	9	0.5295603275299072	1	0	1.0
78	rɑːdiot	rɑːdiotst	10	0.5161178112030029	2	0	1.0
79	rɑːmɑtu	rɑːmɑti	1	0.8991931676864624	1	0	1.0
79	rɑːmɑtu	rɑːmɑtu	2	0.8766142129898071	0	1	1.0
79	rɑːmɑtu	rɑːmɑdi	3	0.6791924834251404	2	0	1.0
79	rɑːmɑtu	rɑːmɑtɑ	4	0.6207593679428101	1	0	1.0
79	rɑːmɑtu	rɑːmɑte	5	0.5923051834106445	1	0	1.0
79	rɑːmɑtu	rɑːmɑdu	6	0.5809330344200134	1	0	1.0
79	rɑːmɑtu	rɑːmɑt	7	0.5541170239448547	1	0	1.0
79	rɑːmɑtu	rɑːmɑːti	8	0.5408281683921814	2	0	1.0
79	rɑːmɑtu	rɑːmɑta	9	0.5306047797203064	1	0	1.0
79	rɑːmɑtu	rɑːmɑdɑ	10	0.5155434608459473	2	0	1.0
80	rɑːmɑtugɑ	rɑːmɑtigɑ	1	0.9296407699584961	1	0	1.0
80	rɑːmɑtugɑ	rɑːmɑdigɑ	2	0.8064997792243958	2	0	1.0
80	rɑːmɑtugɑ	rɑːmɑtugɑ	3	0.7871032357215881	0	1	1.0
80	rɑːmɑtugɑ	rɑːmɑtɑ	4	0.700010359287262	2	0	1.0
80	rɑːmɑtugɑ	rɑːmɑdɑ	5	0.6906980276107788	3	0	1.0
80	rɑːmɑtugɑ	rɑːmɑtegɑ	6	0.657392144203186	1	0	1.0
80	rɑːmɑtugɑ	rɑːmɑdegɑ	7	0.6536698937416077	2	0	1.0
80	rɑːmɑtugɑ	rɑːmɑdugɑ	8	0.6476945281028748	1	0	1.0
80	rɑːmɑtugɑ	rɑːmɑtgɑ	9	0.6013826727867126	1	0	1.0
80	rɑːmɑtugɑ	rɑːmɑːgɑ	10	0.5967528223991394	2	0	1.0
81	rɑːmɑtule	rɑːmɑtle	1	0.8659932613372803	1	0	1.0
81	rɑːmɑtule	rɑːmɑdile	2	0.8381872177124023	2	0	1.0
81	rɑːmɑtule	rɑːmɑdɑle	3	0.7652141451835632	2	0	1.0
81	rɑːmɑtule	rɑːmɑdele	4	0.7624159455299377	2	0	1.0
81	rɑːmɑtule	rɑːmɑtile	5	0.7573254704475403	1	0	1.0
81	rɑːmɑtule	rɑːmɑdilːe	6	0.7364131212234497	3	0	1.0
81	rɑːmɑtule	rɑːmɑtule	7	0.7231968641281128	0	1	1.0
81	rɑːmɑtule	rɑːmɑdule	8	0.7118407487869263	1	0	1.0
81	rɑːmɑtule	rɑːmɑdelːe	9	0.6762375235557556	3	0	1.0
81	rɑːmɑtule	rɑːmɑtɑle	10	0.6608015894889832	1	0	1.0
82	rɑːmɑtus	rɑːmɑtis	1	0.9198296070098877	1	0	1.0
82	rɑːmɑtus	rɑːmɑtus	2	0.8407348394393921	0	1	1.0
82	rɑːmɑtus	rɑːmɑdis	3	0.7484913468360901	2	0	1.0
82	rɑːmɑtus	rɑːmɑtɑs	4	0.6590026021003723	1	0	1.0
82	rɑːmɑtus	rɑːmɑdus	5	0.6291193962097168	1	0	1.0
82	rɑːmɑtus	rɑːmɑts	6	0.6056950092315674	1	0	1.0
82	rɑːmɑtus	rɑːmɑtːis	7	0.6031928062438965	2	0	1.0
82	rɑːmɑtus	rɑːmɑdɑs	8	0.6027379631996155	2	0	1.0
82	rɑːmɑtus	rɑːmɑtsis	9	0.6025773286819458	2	0	1.0
82	rɑːmɑtus	rɑːmɑtes	10	0.599337100982666	1	0	1.0
83	rɑːmɑtust	rɑːmɑtist	1	0.9239384531974792	1	0	1.0
83	rɑːmɑtust	rɑːmɑtust	2	0.8418388962745667	0	1	1.0
83	rɑːmɑtust	rɑːmɑdist	3	0.7540045380592346	2	0	1.0
83	rɑːmɑtust	rɑːmɑtst	4	0.7124868631362915	1	0	1.0
83	rɑːmɑtust	rɑːmɑtɑst	5	0.70513916015625	1	0	1.0
83	rɑːmɑtust	rɑːmɑtest	6	0.667172372341156	1	0	1.0
83	rɑːmɑtust	rɑːmɑdɑst	7	0.6335839033126831	2	0	1.0
83	rɑːmɑtust	rɑːmɑt͡st	8	0.6249355673789978	1	0	1.0
83	rɑːmɑtust	rɑːmɑt	9	0.617026686668396	3	0	1.0
83	rɑːmɑtust	rɑːmɑdust	10	0.6167314648628235	1	0	1.0
84	rɑːmɑtut	rɑːmɑtut	1	0.8915016055107117	0	1	1.0
84	rɑːmɑtut	rɑːmɑtit	2	0.8607187867164612	1	0	1.0
84	rɑːmɑtut	rɑːmɑt	3	0.7184203267097473	2	0	1.0
84	rɑːmɑtut	rɑːmɑtːit	4	0.6698411107063293	2	0	1.0
84	rɑːmɑtut	rɑːmɑtu	5	0.6284952163696289	1	0	1.0
84	rɑːmɑtut	rɑːmɑtust	6	0.6277583837509155	1	0	1.0
84	rɑːmɑtut	rɑːmɑtɑt	7	0.6111460328102112	1	0	1.0
84	rɑːmɑtut	rɑːmɑt͡st	8	0.604362428188324	2	0	1.0
84	rɑːmɑtut	rɑːmɑtist	9	0.5987485647201538	2	0	1.0
84	rɑːmɑtut	rɑːmɑtet	10	0.5920183658599854	1	0	1.0
85	rɑtɑst	rɑtɑst	1	0.950698971748352	0	1	0.9444444179534912
85	rɑtɑst	rɑtɑt	2	0.6513440608978271	1	0	0.9444444179534912
85	rɑtɑst	rɑtɑkst	3	0.5710411667823792	1	0	0.9444444179534912
85	rɑtɑst	rɑtɑstit	4	0.546800434589386	2	0	0.9444444179534912
85	rɑtɑst	rɑtɑstut	5	0.5440008044242859	2	0	0.9444444179534912
85	rɑtɑst	rɑtɑ;st	6	0.5331801176071167	1	0	0.9444444179534912
85	rɑtɑst	rɑtɑsut	7	0.5315679311752319	1	0	0.9444444179534912
85	rɑtɑst	rɑtɑːt	8	0.531174898147583	1	0	0.9444444179534912
85	rɑtɑst	rɑtɑsit	9	0.529293417930603	1	0	0.9444444179534912
85	rɑtɑst	rɑtɑstet	10	0.5262733697891235	2	0	0.9444444179534912
86	rɑt;ɑ	rɑtɑse	1	0.8907551169395447	3	0	0.9473684430122375
86	rɑt;ɑ	rɑtɑsu	2	0.7199367880821228	3	0	0.9473684430122375
86	rɑt;ɑ	rɑtɑsi	3	0.6636162996292114	3	0	0.9473684430122375
86	rɑt;ɑ	rɑtɑkse	4	0.6509036421775818	4	0	0.9473684430122375
86	rɑt;ɑ	rɑtɑku	5	0.6319146752357483	3	0	0.9473684430122375
86	rɑt;ɑ	rɑtɑs	6	0.6218780279159546	2	0	0.9473684430122375
86	rɑt;ɑ	rɑtɑst	7	0.5921129584312439	3	0	0.9473684430122375
86	rɑt;ɑ	rɑtɑ	8	0.5812919735908508	1	0	0.9473684430122375
86	rɑt;ɑ	rɑtɑsːe	9	0.5720940828323364	4	0	0.9473684430122375
86	rɑt;ɑ	rɑtɑde	10	0.5478421449661255	3	0	0.9473684430122375
87	rɑt;ɑgɑ	rɑtɑsegɑ	1	0.8684436678886414	3	0	0.8500000238418579
87	rɑt;ɑgɑ	rɑtɑksegɑ	2	0.7904160022735596	4	0	0.8500000238418579
87	rɑt;ɑgɑ	rɑtɑːgɑ	3	0.7393423318862915	2	0	0.8500000238418579
87	rɑt;ɑgɑ	rɑtɑgɑ	4	0.718627393245697	1	0	0.8500000238418579
87	rɑt;ɑgɑ	rɑtɑsːɑ	5	0.7173414826393127	3	0	0.8500000238418579
87	rɑt;ɑgɑ	rɑtɑsgɑ	6	0.6783667802810669	2	0	0.8500000238418579
87	rɑt;ɑgɑ	rɑtɑdegɑ	7	0.6770342588424683	3	0	0.8500000238418579
87	rɑt;ɑgɑ	rɑtɑkɑ	8	0.6731937527656555	2	0	0.8500000238418579
87	rɑt;ɑgɑ	rɑtɑsigɑ	9	0.6516608595848083	3	0	0.8500000238418579
87	rɑt;ɑgɑ	rɑtɑkugɑ	10	0.642238974571228	3	0	0.8500000238418579
88	rɑt;ɑle	rɑtɑsele	1	0.8027752637863159	3	0	0.7368420958518982
88	rɑt;ɑle	rɑtɑse	2	0.7840840220451355	2	0	0.7368420958518982
88	rɑt;ɑle	rɑtɑːle	3	0.7733023166656494	2	0	0.7368420958518982
88	rɑt;ɑle	rɑtɑkse	4	0.7708730101585388	3	0	0.7368420958518982
88	rɑt;ɑle	rɑtɑdele	5	0.7448471784591675	3	0	0.7368420958518982
88	rɑt;ɑle	rɑtɑselːe	6	0.705924928188324	4	0	0.7368420958518982
88	rɑt;ɑle	rɑtɑle	7	0.6790952086448669	1	0	0.7368420958518982
88	rɑt;ɑle	rɑtɑsːe	8	0.6768438816070557	3	0	0.7368420958518982
88	rɑt;ɑle	rɑtɑdelːe	9	0.6515496373176575	4	0	0.7368420958518982
88	rɑt;ɑle	rɑtɑkele	10	0.6403809785842896	3	0	0.7368420958518982
89	rɑt;ɑs	rɑtɑs	1	0.8693428039550781	1	0	1.0
89	rɑt;ɑs	rɑtɑses	2	0.8358134031295776	3	0	1.0
89	rɑt;ɑs	rɑtɑst	3	0.6748546361923218	2	0	1.0
89	rɑt;ɑs	rɑtɑsis	4	0.6733679175376892	3	0	1.0
89	rɑt;ɑs	rɑtɑsus	5	0.6716110110282898	3	0	1.0
89	rɑt;ɑs	rɑtɑkses	6	0.6183621287345886	4	0	1.0
89	rɑt;ɑs	rɑtɑsːis	7	0.6174158453941345	4	0	1.0
89	rɑt;ɑs	rɑtɑːs	8	0.5946727395057678	2	0	1.0
89	rɑt;ɑs	rɑtɑsːɑ	9	0.5916802883148193	3	0	1.0
89	rɑt;ɑs	rɑtɑsːes	10	0.581713855266571	4	0	1.0
90	rɑt;ɑst	rɑtɑst	1	0.9598553776741028	1	0	0.9375
90	rɑt;ɑst	rɑtɑkst	2	0.6593605875968933	2	0	0.9375
90	rɑt;ɑst	rɑtɑːst	3	0.6357049942016602	2	0	0.9375
90	rɑt;ɑst	rɑtɑdest	4	0.6032146215438843	3	0	0.9375
90	rɑt;ɑst	rɑtɑstest	5	0.5601251721382141	4	0	0.9375
90	rɑt;ɑst	rɑtɑsest	6	0.5564530491828918	3	0	0.9375
90	rɑt;ɑst	rɑtɑstist	7	0.5491489171981812	4	0	0.9375
90	rɑt;ɑst	rɑtɑstust	8	0.5337840914726257	4	0	0.9375
90	rɑt;ɑst	rɑtɑstst	9	0.5092481970787048	3	0	0.9375
90	rɑt;ɑst	rɑtːɑst	10	0.4954209625720978	1	0	0.9375
91	sɑːbɑst	sɑːbɑst	1	0.9576846361160278	0	1	0.8500000238418579
91	sɑːbɑst	sɑːpɑst	2	0.6532606482505798	1	0	0.8500000238418579
91	sɑːbɑst	sɑːbɑt	3	0.6153021454811096	1	0	0.8500000238418579
91	sɑːbɑst	sɑːbɑstit	4	0.598274290561676	2	0	0.8500000238418579
91	sɑːbɑst	sɑːbɑkst	5	0.597414493560791	1	0	0.8500000238418579
91	sɑːbɑst	sɑːbɑːt	6	0.5730654001235962	1	0	0.8500000238418579
91	sɑːbɑst	sɑːbɑstut	7	0.5644674301147461	2	0	0.8500000238418579
91	sɑːbɑst	sɑːbɑstet	8	0.5581046938896179	2	0	0.8500000238418579
91	sɑːbɑst	sɑːbɑsit	9	0.5565937757492065	1	0	0.8500000238418579
91	sɑːbɑst	sɑːbɑtut	10	0.5403176546096802	2	0	0.8500000238418579
92	sɑ;pɑ	sɑːbɑse	1	0.9032056927680969	4	0	0.75
92	sɑ;pɑ	sɑːbɑsi	2	0.742087185382843	4	0	0.75
92	sɑ;pɑ	sɑːbɑkse	3	0.7261223196983337	5	0	0.75
92	sɑ;pɑ	sɑːbɑsu	4	0.7074913382530212	4	0	0.75
92	sɑ;pɑ	sɑːbɑs	5	0.6390783190727234	3	0	0.75
92	sɑ;pɑ	sɑːbɑst	6	0.6336531043052673	4	0	0.75
92	sɑ;pɑ	sɑːbɑksi	7	0.63130784034729	5	0	0.75
92	sɑ;pɑ	sɑːbɑ	8	0.6028420925140381	2	0	0.75
92	sɑ;pɑ	sɑːpɑse	9	0.5977910161018372	3	0	0.75
92	sɑ;pɑ	sɑːbɑku	10	0.5963212251663208	4	0	0.75
93	sɑ;pɑgɑ	sɑːbɑsegɑ	1	0.8853378295898438	4	0	0.8571428656578064
93	sɑ;pɑgɑ	sɑːbɑksegɑ	2	0.8068779110908508	5	0	0.8571428656578064
93	sɑ;pɑgɑ	sɑːbɑgɑ	3	0.750713586807251	2	0	0.8571428656578064
93	sɑ;pɑgɑ	sɑːbɑːgɑ	4	0.7494885325431824	3	0	0.8571428656578064
93	sɑ;pɑgɑ	sɑːbɑsːɑ	5	0.7171499729156494	4	0	0.8571428656578064
93	sɑ;pɑgɑ	sɑːbɑkse	6	0.7085955739021301	5	0	0.8571428656578064
93	sɑ;pɑgɑ	sɑːbɑsigɑ	7	0.6869931221008301	4	0	0.8571428656578064
93	sɑ;pɑgɑ	sɑːbɑdegɑ	8	0.6806797385215759	4	0	0.8571428656578064
93	sɑ;pɑgɑ	sɑːbɑsgɑ	9	0.6501224637031555	3	0	0.8571428656578064
93	sɑ;pɑgɑ	sɑːbɑkɑ	10	0.6496831178665161	3	0	0.8571428656578064
94	sɑ;pɑle	sɑːbɑse	1	0.8651637434959412	3	0	0.8095238208770752
94	sɑ;pɑle	sɑːbɑkse	2	0.8148903250694275	4	0	0.8095238208770752
94	sɑ;pɑle	sɑːbɑːle	3	0.7766265869140625	3	0	0.8095238208770752
94	sɑ;pɑle	sɑːbɑdele	4	0.7471492886543274	4	0	0.8095238208770752
94	sɑ;pɑle	sɑːbɑle	5	0.7358227372169495	2	0	0.8095238208770752
94	sɑ;pɑle	sɑːbɑsele	6	0.702669620513916	4	0	0.8095238208770752
94	sɑ;pɑle	sɑːbɑsːe	7	0.6976870894432068	4	0	0.8095238208770752
94	sɑ;pɑle	sɑːbɑksele	8	0.6488948464393616	5	0	0.8095238208770752
94	sɑ;pɑle	sɑːbɑdelːe	9	0.6392895579338074	5	0	0.8095238208770752
94	sɑ;pɑle	sɑːbɑɕe	10	0.6256911158561707	3	0	0.8095238208770752
95	sɑ;pɑs	sɑːbɑses	1	0.8880867958068848	4	0	0.75
95	sɑ;pɑs	sɑːbɑs	2	0.767624020576477	2	0	0.75
95	sɑ;pɑs	sɑːbɑsis	3	0.7617459893226624	4	0	0.75
95	sɑ;pɑs	sɑːbɑst	4	0.7517583966255188	3	0	0.75
95	sɑ;pɑs	sɑːbɑsːis	5	0.7094164490699768	5	0	0.75
95	sɑ;pɑs	sɑːbɑsus	6	0.7034599184989929	4	0	0.75
95	sɑ;pɑs	sɑːbɑseses	7	0.648188054561615	6	0	0.75
95	sɑ;pɑs	sɑːbɑsːɑ	8	0.6476500034332275	4	0	0.75
95	sɑ;pɑs	sɑːbɑkses	9	0.6395973563194275	5	0	0.75
95	sɑ;pɑs	sɑːpɑses	10	0.6295564770698547	3	0	0.75
96	sɑ;pɑst	sɑːbɑst	1	0.9624838829040527	2	0	0.75
96	sɑ;pɑst	sɑːbɑkst	2	0.6645367741584778	3	0	0.75
96	sɑ;pɑst	sɑːpɑst	3	0.652871310710907	1	0	0.75
96	sɑ;pɑst	sɑːbɑːst	4	0.6323980093002319	3	0	0.75
96	sɑ;pɑst	sɑːbɑstist	5	0.6085671186447144	5	0	0.75
96	sɑ;pɑst	sɑːbɑstest	6	0.6010127663612366	5	0	0.75
96	sɑ;pɑst	sɑːbɑdest	7	0.5952630639076233	4	0	0.75
96	sɑ;pɑst	sɑːbɑsest	8	0.5873355269432068	4	0	0.75
96	sɑ;pɑst	sɑːbɑstst	9	0.562538206577301	4	0	0.75
96	sɑ;pɑst	sɑːbɑtst	10	0.5502812266349792	3	0	0.75
97	sule	sulːgɑ	1	0.844199001789093	3	0	1.0
97	sule	sulːgi	2	0.7342857718467712	3	0	1.0
97	sule	sulgɑ	3	0.7041924595832825	2	0	1.0
97	sule	sulɑ	4	0.6610374450683594	1	0	1.0
97	sule	sulːgu	5	0.6524512767791748	3	0	1.0
97	sule	sulgi	6	0.5984693169593811	2	0	1.0
97	sule	sule	7	0.5806192755699158	0	1	1.0
97	sule	sul;gɑ	8	0.5792557597160339	3	0	1.0
97	sule	sulːɑ	9	0.572580873966217	2	0	1.0
97	sule	sulːi	10	0.5715550780296326	2	0	1.0
98	sulegɑ	sulːgɑ	1	0.858366072177887	1	0	0.949999988079071
98	sulegɑ	sulgɑ	2	0.7979052662849426	1	0	0.949999988079071
98	sulegɑ	sulɑgɑ	3	0.7659002542495728	1	0	0.949999988079071
98	sulegɑ	sulegɑ	4	0.6938844919204712	0	1	0.949999988079071
98	sulegɑ	sulːɑgɑ	5	0.6283198595046997	2	0	0.949999988079071
98	sulegɑ	suligɑ	6	0.619668185710907	1	0	0.949999988079071
98	sulegɑ	sulːegɑ	7	0.5994063019752502	1	0	0.949999988079071
98	sulegɑ	suljɑgɑ	8	0.5772201418876648	2	0	0.949999988079071
98	sulegɑ	sul;gɑ	9	0.5671473145484924	1	0	0.949999988079071
98	sulegɑ	sulugɑ	10	0.5631882548332214	1	0	0.949999988079071
99	sulele	sulːgɑle	1	0.8170694708824158	3	0	0.9047619104385376
99	sulele	sulːele	2	0.7564854025840759	1	0	0.9047619104385376
99	sulele	sulgɑle	3	0.755138635635376	2	0	0.9047619104385376
99	sulele	sulɑle	4	0.7430000901222229	1	0	0.9047619104385376
99	sulele	sulele	5	0.7324273586273193	0	1	0.9047619104385376
99	sulele	sulːgile	6	0.6803869605064392	3	0	0.9047619104385376
99	sulele	sulːelːe	7	0.6566240787506104	2	0	0.9047619104385376
99	sulele	sulːgɑlːe	8	0.6541415452957153	4	0	0.9047619104385376
99	sulele	sulelːe	9	0.6363305449485779	1	0	0.9047619104385376
99	sulele	sulile	10	0.6313572525978088	1	0	0.9047619104385376
100	sules	sulɑs	1	0.7669720649719238	1	0	0.7272727489471436
100	sules	sulːgɑ	2	0.758671224117279	3	0	0.7272727489471436
100	sules	sulːgɑs	3	0.7463115453720093	3	0	0.7272727489471436
100	sules	sulgɑs	4	0.73176509141922	2	0	0.7272727489471436
100	sules	sules	5	0.7028939723968506	0	1	0.7272727489471436
100	sules	sulːɑs	6	0.6806384325027466	2	0	0.7272727489471436
100	sules	sulːis	7	0.6669499278068542	2	0	0.7272727489471436
100	sules	sulːes	8	0.6384323835372925	1	0	0.7272727489471436
100	sules	sulis	9	0.6378576159477234	1	0	0.7272727489471436
100	sules	sulːgis	10	0.6354433298110962	3	0	0.7272727489471436
101	sulest	sulːgɑ	1	0.8083772659301758	3	0	0.8421052694320679
101	sulest	sulɑst	2	0.7872631549835205	1	0	0.8421052694320679
101	sulest	sulgɑst	3	0.7763709425926208	2	0	0.8421052694320679
101	sulest	sulest	4	0.7364161610603333	0	1	0.8421052694320679
101	sulest	sulːgɑst	5	0.6880386471748352	3	0	0.8421052694320679
101	sulest	sulːɑst	6	0.6872949004173279	2	0	0.8421052694320679
101	sulest	sulːest	7	0.6642957925796509	1	0	0.8421052694320679
101	sulest	sulist	8	0.6584221720695496	1	0	0.8421052694320679
101	sulest	sulːist	9	0.6559001803398132	2	0	0.8421052694320679
101	sulest	sulːgist	10	0.6534392833709717	3	0	0.8421052694320679
102	sul;ge	sul;gɑ	1	0.9292210936546326	1	0	0.8947368264198303
102	sul;ge	sul;gi	2	0.8135297298431396	1	0	0.8947368264198303
102	sul;ge	sul;gu	3	0.7200592756271362	1	0	0.8947368264198303
102	sul;ge	sul;e	4	0.52586430311203	1	0	0.8947368264198303
102	sul;ge	sul;ge	5	0.5241423845291138	0	1	0.8947368264198303
102	sul;ge	sul;gɑst͡sivigugususulul;ulululululululululululululululululululululululululululululululululululul;guulul;ululul;ulululul;ululul	6	0.518182098865509	122	0	0.8947368264198303
102	sul;ge	sul;gɑst͡sivigugugusulul;ulululululululululululululululululululululululululululululululululululul;guulul;ululul;ulululul;ululul	7	0.5165700912475586	122	0	0.8947368264198303
102	sul;ge	sul;gɑst͡sivigugugusulul;ulululululululululululululululululululululululululululululululululululul;usulul;ululul;ulululul;ululul	8	0.5141213536262512	122	0	0.8947368264198303
102	sul;ge	sul;gɑst͡sivigugususulul;ulululululululululululululululululululululululululululululululululululul;guulul;ululul;ulululul;ululu	9	0.5136241912841797	121	0	0.8947368264198303
102	sul;ge	sul;gɑst͡sivigugususulul;ulululululululululululululululululululululululululululululululululululul;usulul;ululul;ulululul;ululul	10	0.5130932927131653	122	0	0.8947368264198303
103	tæhele	tæhele	1	0.8534383773803711	0	1	0.9444444179534912
103	tæhele	tæhile	2	0.7302590608596802	1	0	0.9444444179534912
103	tæhele	tæhelːe	3	0.7026985883712769	1	0	0.9444444179534912
103	tæhele	tæhdile	4	0.7016069889068604	2	0	0.9444444179534912
103	tæhele	tæhule	5	0.7011721134185791	1	0	0.9444444179534912
103	tæhele	tæhdele	6	0.6938168406486511	1	0	0.9444444179534912
103	tæhele	tæhtile	7	0.6829759478569031	2	0	0.9444444179534912
103	tæhele	tæhɑle	8	0.6606200337409973	1	0	0.9444444179534912
103	tæhele	tæhːdele	9	0.6540026664733887	2	0	0.9444444179534912
103	tæhele	tæhːdile	10	0.6531550884246826	3	0	0.9444444179534912
104	tæhegɑ	tæhegɑ	1	0.8610738515853882	0	1	1.0
104	tæhegɑ	tæhtigɑ	2	0.7989321947097778	2	0	1.0
104	tæhegɑ	tæhːdigɑ	3	0.7168902158737183	3	0	1.0
104	tæhegɑ	tæhigɑ	4	0.705502986907959	1	0	1.0
104	tæhegɑ	tæhugɑ	5	0.6846948862075806	1	0	1.0
104	tæhegɑ	tæhdigɑ	6	0.6793321371078491	2	0	1.0
104	tæhegɑ	tæhɑgɑ	7	0.6727903485298157	1	0	1.0
104	tæhegɑ	tæhtɑgɑ	8	0.5990408062934875	2	0	1.0
104	tæhegɑ	tæhdɑgɑ	9	0.597563624382019	2	0	1.0
104	tæhegɑ	tæhːdɑ	10	0.5648052096366882	2	0	1.0
105	tæhest	tæhest	1	0.8719978332519531	0	1	0.9285714030265808
105	tæhest	tæhtist	2	0.783504068851471	2	0	0.9285714030265808
105	tæhest	tæhist	3	0.7325844168663025	1	0	0.9285714030265808
105	tæhest	tæhːdist	4	0.7018884420394897	3	0	0.9285714030265808
105	tæhest	tæhust	5	0.6961216330528259	1	0	0.9285714030265808
105	tæhest	tæhdist	6	0.6838977932929993	2	0	0.9285714030265808
105	tæhest	tæhɑst	7	0.6671288013458252	1	0	0.9285714030265808
105	tæhest	tæhtust	8	0.6179234981536865	2	0	0.9285714030265808
105	tæhest	tæhːtist	9	0.5822471380233765	3	0	0.9285714030265808
105	tæhest	tæhæst	10	0.5408560633659363	1	0	0.9285714030265808
106	tæhe	tæhe	1	0.8028265237808228	0	1	0.875
106	tæhe	tæhti	2	0.7796883583068848	2	0	0.875
106	tæhe	tæhːdi	3	0.6603330969810486	3	0	0.875
106	tæhe	tæhi	4	0.6469746232032776	1	0	0.875
106	tæhe	tæhu	5	0.636759340763092	1	0	0.875
106	tæhe	tæhtu	6	0.6163894534111023	2	0	0.875
106	tæhe	tæhːti	7	0.5900623202323914	3	0	0.875
106	tæhe	tæhdi	8	0.5799249410629272	2	0	0.875
106	tæhe	tæhbi	9	0.5397617816925049	2	0	0.875
106	tæhe	tæhɑ	10	0.5344820022583008	1	0	0.875
107	tæhes	tæhes	1	0.8706424236297607	0	1	1.0
107	tæhes	tæhtis	2	0.7293304800987244	2	0	1.0
107	tæhes	tæhis	3	0.7217360138893127	1	0	1.0
107	tæhes	tæhus	4	0.6799224615097046	1	0	1.0
107	tæhes	tæhːdis	5	0.6784189343452454	3	0	1.0
107	tæhes	tæhdis	6	0.6370477676391602	2	0	1.0
107	tæhes	tæhɑs	7	0.6279283761978149	1	0	1.0
107	tæhes	tæhtus	8	0.5738114714622498	2	0	1.0
107	tæhes	tæhːtis	9	0.5566564798355103	3	0	1.0
107	tæhes	tæh;tis	10	0.5555864572525024	3	0	1.0
108	tæh;te	tæh;ti	1	0.9544939398765564	1	0	0.9444444179534912
108	tæh;te	tæh;tu	2	0.7362686991691589	1	0	0.9444444179534912
108	tæh;te	tæh;tɑ	3	0.677098274230957	1	0	0.9444444179534912
108	tæh;te	tæh;te	4	0.5792601108551025	0	1	0.9444444179534912
108	tæh;te	tæh;t	5	0.48069432377815247	1	0	0.9444444179534912
108	tæh;te	tæh;di	6	0.4743858873844147	2	0	0.9444444179534912
108	tæh;te	tæh;;ti	7	0.47396722435951233	2	0	0.9444444179534912
108	tæh;te	tæh;tist	8	0.4663960039615631	3	0	0.9444444179534912
108	tæh;te	tæh;tit	9	0.459112286567688	2	0	0.9444444179534912
108	tæh;te	tæh;t͡si	10	0.4578884541988373	3	0	0.9444444179534912
109	teo	tigu	1	0.9763892889022827	3	0	1.0
109	teo	tigɔ	2	0.39880016446113586	3	0	1.0
109	teo	tigugɑ	3	0.3801511824131012	5	0	1.0
109	teo	tigɑ	4	0.3745960295200348	3	0	1.0
109	teo	tigus	5	0.350969135761261	4	0	1.0
109	teo	tiguɑ	6	0.3491398096084595	4	0	1.0
109	teo	tiguka	7	0.3480452001094818	5	0	1.0
109	teo	tiguku	8	0.34597477316856384	5	0	1.0
109	teo	tiguʑe	9	0.3433746099472046	5	0	1.0
109	teo	tigut	10	0.3389536440372467	4	0	1.0
110	teogɑ	tigugɑ	1	0.9774928092956543	3	0	0.3499999940395355
110	teogɑ	tigugu	2	0.5009741187095642	4	0	0.3499999940395355
110	teogɑ	tigugɑgɑ	3	0.4759669899940491	5	0	0.3499999940395355
110	teogɑ	tiggugɑ	4	0.47033920884132385	4	0	0.3499999940395355
110	teogɑ	digugɑ	5	0.4414770305156708	4	0	0.3499999940395355
110	teogɑ	tigɑgɑ	6	0.44079354405403137	3	0	0.3499999940395355
110	teogɑ	tigɔgɑ	7	0.4404744803905487	3	0	0.3499999940395355
110	teogɑ	tiguɑ	8	0.4369871914386749	3	0	0.3499999940395355
110	teogɑ	tjgugɑ	9	0.43342286348342896	3	0	0.3499999940395355
110	teogɑ	ːigugɑ	10	0.4288608133792877	4	0	0.3499999940395355
111	teole	tigule	1	0.9610379338264465	3	0	0.3499999940395355
111	teole	tigulːe	2	0.7572771906852722	4	0	0.3499999940395355
111	teole	tigulte	3	0.5138834118843079	4	0	0.3499999940395355
111	teole	tigɔle	4	0.49120181798934937	3	0	0.3499999940395355
111	teole	tigɑle	5	0.48840826749801636	3	0	0.3499999940395355
111	teole	tigul;e	6	0.4873204827308655	4	0	0.3499999940395355
111	teole	tigulze	7	0.47404900193214417	4	0	0.3499999940395355
111	teole	tigulɛ	8	0.4666653275489807	4	0	0.3499999940395355
111	teole	tigulele	9	0.45001494884490967	5	0	0.3499999940395355
111	teole	tigulese	10	0.44781291484832764	5	0	0.3499999940395355
112	teos	tigus	1	0.9758499264717102	3	0	0.4285714328289032
112	teos	tiguses	2	0.5003229379653931	5	0	0.4285714328289032
112	teos	tigust	3	0.45335137844085693	4	0	0.4285714328289032
112	teos	tigusesesesesdisesestistisisisiiiiiiiiiiiiiiiiiiiiiiiiiiiisisisisisisisisisigigiiiigisiiigigiiiigigiiiigisiiiigisiiiiigigisiiii	4	0.44452840089797974	124	0	0.4285714328289032
112	teos	tigusesesesesdisesestistisisisiiiiiiiiiiiiiiiiiiiiiiiiiiiisisisisisisisisisigigiiiigisiiigigiiiigigiiiigisiiiigisiiiiigigis	5	0.44439616799354553	120	0	0.4285714328289032
112	teos	tigusesesesesdisesestistisisisiiiiiiiiiiiiiiiiiiiiiiiiiiiisisisisisisisisisigigiiiigisiiigigiiiigisiiiigisiiiigisiiiiigigisiiii	6	0.4443361759185791	124	0	0.4285714328289032
112	teos	tigusesesesesdisesestistisisisiiiiiiiiiiiiiiiiiiiiiiiiiiiisisisisisisisisisigigiiiigisiiigigiiiigisiiiigisiiiigisiiiiigigis	7	0.44423171877861023	120	0	0.4285714328289032
112	teos	tigusesesesesdisesestistisisisiiiiiiiiiiiiiiiiiiiiiiiiiiiisisisisisisisisisigigiiiigisiiigigiiiigigiiiigisiiiigisiiiiigigisiii	8	0.444084107875824	123	0	0.4285714328289032
112	teos	tigusesesesesdisesestistisisisiiiiiiiiiiiiiiiiiiiiiiiiiiiisisisisisisisisisigigiiiigisiiigigiiiigisiiiigisiiiigisiiiiigigisiii	9	0.4438924789428711	123	0	0.4285714328289032
112	teos	tigusesesesesdisesestistisiisiiiiiiiiiiiiiiiiiiiiiiiiiiiiisisisisisisisisisigigiiiigisiiigigiiiigisiiiigisiiiigisiiiiigigisiiii	10	0.44275930523872375	124	0	0.4285714328289032
113	teost	tigust	1	0.9764702916145325	3	0	0.1764705926179886
113	teost	tigustest	2	0.5296594500541687	6	0	0.1764705926179886
113	teost	tigusest	3	0.5240391492843628	5	0	0.1764705926179886
113	teost	tigustust	4	0.5012362003326416	6	0	0.1764705926179886
113	teost	tigustist	5	0.5003493428230286	6	0	0.1764705926179886
113	teost	tigust͡st	6	0.49513477087020874	6	0	0.1764705926179886
113	teost	tigustst	7	0.48464393615722656	5	0	0.1764705926179886
113	teost	tigɑst	8	0.4838586747646332	3	0	0.1764705926179886
113	teost	tigukst	9	0.4705091416835785	4	0	0.1764705926179886
113	teost	tigɔst	10	0.4649239182472229	3	0	0.1764705926179886
114	tigu	tigu	1	0.8866522908210754	0	1	0.8571428656578064
114	tigu	tigut	2	0.8349838256835938	1	0	0.8571428656578064
114	tigu	tigust	3	0.6192336082458496	2	0	0.8571428656578064
114	tigu	tigud	4	0.5800012946128845	1	0	0.8571428656578064
114	tigu	tiguɑ	5	0.48932740092277527	1	0	0.8571428656578064
114	tigu	tigugɑ	6	0.45716989040374756	2	0	0.8571428656578064
114	tigu	tigul	7	0.45009922981262207	1	0	0.8571428656578064
114	tigu	tiguzt	8	0.43980059027671814	2	0	0.8571428656578064
114	tigu	tigult	9	0.4303780794143677	2	0	0.8571428656578064
114	tigu	tiguk	10	0.4095879793167114	1	0	0.8571428656578064
115	toɑ	tubɑ	1	0.9426718354225159	2	0	1.0
115	toɑ	tupɑ	2	0.5725054740905762	2	0	1.0
115	toɑ	tuɑ	3	0.5061497688293457	1	0	1.0
115	toɑ	tubːɑ	4	0.4894659221172333	3	0	1.0
115	toɑ	tuːɑ	5	0.4685244560241699	2	0	1.0
115	toɑ	tubɑgɑgɑ;dɑvi;ububububububububububububububububububububububububububububububububububububububububububububububuuubububububububububu	6	0.44053736329078674	125	0	1.0
115	toɑ	tubɑgɑgɑ;dɑvi;ububububububububububububububububububububububububububububububububububububububububububububububuuububububububububu	7	0.43914052844047546	123	0	1.0
115	toɑ	tubɑgɑgɑ;dɑvi;ububububububububububububububububububububububububububububububububububububububububububububububububububububububububu	8	0.4386667013168335	125	0	1.0
115	toɑ	tubɑgɑgɑ;dɑvi;ububububububububububububububububububububububububububububububububububububububububububububububutubububububububububu	9	0.438619464635849	125	0	1.0
115	toɑ	tubɑgɑgɑ;dɑvi;ubububububububububububububububububububububububububububububububububububububububububububububububububububububububu	10	0.4372271001338959	123	0	1.0
116	toɑgɑ	tubɑgɑ	1	0.9490746259689331	2	0	0.5
116	toɑgɑ	tupɑgɑ	2	0.6584787368774414	2	0	0.5
116	toɑgɑ	tuɑgɑ	3	0.63822340965271	1	0	0.5
116	toɑgɑ	tuːɑgɑ	4	0.5802909731864929	2	0	0.5
116	toɑgɑ	tubːɑgɑ	5	0.518770158290863	3	0	0.5
116	toɑgɑ	toɑgɑ	6	0.5161911249160767	0	1	0.5
116	toɑgɑ	tuʋɑgɑ	7	0.49551114439964294	2	0	0.5
116	toɑgɑ	tuoɑgɑ	8	0.47893306612968445	1	0	0.5
116	toɑgɑ	tɔbɑgɑ	9	0.4784793257713318	2	0	0.5
116	toɑgɑ	tubɑgɑgɑ	10	0.46423813700675964	4	0	0.5
117	toɑle	tubɑle	1	0.9262526631355286	2	0	0.44999998807907104
117	toɑle	tubɑlːe	2	0.7489904165267944	3	0	0.44999998807907104
117	toɑle	tuɑle	3	0.6567161679267883	1	0	0.44999998807907104
117	toɑle	tupɑle	4	0.6482141613960266	2	0	0.44999998807907104
117	toɑle	tuːɑle	5	0.581497073173523	2	0	0.44999998807907104
117	toɑle	tuɑlːe	6	0.5485832095146179	2	0	0.44999998807907104
117	toɑle	tupɑlːe	7	0.5478699803352356	3	0	0.44999998807907104
117	toɑle	tubɑlte	8	0.5095781087875366	3	0	0.44999998807907104
117	toɑle	tuʋɑle	9	0.5013848543167114	2	0	0.44999998807907104
117	toɑle	toɑle	10	0.5007671117782593	0	1	0.44999998807907104
118	toɑs	tubɑs	1	0.931286633014679	2	0	0.6666666865348816
118	toɑs	tupɑs	2	0.6524466276168823	2	0	0.6666666865348816
118	toɑs	tuɑs	3	0.646040141582489	1	0	0.6666666865348816
118	toɑs	tuːɑs	4	0.5588110685348511	2	0	0.6666666865348816
118	toɑs	tubːɑs	5	0.51378333568573	3	0	0.6666666865348816
118	toɑs	tubɑses	6	0.4750201404094696	4	0	0.6666666865348816
118	toɑs	tuʋɑs	7	0.46856874227523804	2	0	0.6666666865348816
118	toɑs	toɑs	8	0.4572596251964569	0	1	0.6666666865348816
118	toɑs	tuoɑs	9	0.4419121742248535	1	0	0.6666666865348816
118	toɑs	tubɑːs	10	0.44040966033935547	3	0	0.6666666865348816
119	toɑst	tubɑst	1	0.934221088886261	2	0	0.7058823704719543
119	toɑst	tuɑst	2	0.7104073762893677	1	0	0.7058823704719543
119	toɑst	tupɑst	3	0.6781904697418213	2	0	0.7058823704719543
119	toɑst	tuːɑst	4	0.6082237958908081	2	0	0.7058823704719543
119	toɑst	tuʋɑst	5	0.5268282294273376	2	0	0.7058823704719543
119	toɑst	toɑst	6	0.5171260833740234	0	1	0.7058823704719543
119	toɑst	tubːɑst	7	0.5165596604347229	3	0	0.7058823704719543
119	toɑst	tubɑstest	8	0.5127745270729065	5	0	0.7058823704719543
119	toɑst	tubɑsest	9	0.5036296248435974	4	0	0.7058823704719543
119	toɑst	tuoɑst	10	0.4981238842010498	1	0	0.7058823704719543
120	toru	toru	1	0.9203301668167114	0	1	1.0
120	toru	torɔ	2	0.7745711207389832	1	0	1.0
120	toru	torɔd͡ʑe;t͡sekogɑ;tːororororororororororororororororororororororororororororororororororororororororoororororororororororororor	3	0.5602815747261047	124	0	1.0
120	toru	torɔd͡ʑe;t͡sekogɑ;tːororororororororororororororororororororororororororororororororororororororororoororororororororororororo	4	0.5588295459747314	123	0	1.0
120	toru	torɔd͡ʑe;t͡sekogɑ;tfororororororororororororororororororororororororororororororororororororororororoororororororororororororor	5	0.5581080317497253	124	0	1.0
120	toru	torɔd͡ʑe;t͡sekogɑ;t͡ororororororororororororororororororororororororororororororororororororororororoororororororororororororor	6	0.5580494999885559	124	0	1.0
120	toru	torɔd͡ʑe;t͡sekogɑ;tfororororororororororororororororororororororororororororororororororororororororoororororororororororororo	7	0.5568287968635559	123	0	1.0
120	toru	torɔd͡ʑe;t͡sekogɑ;t͡ororororororororororororororororororororororororororororororororororororororororoororororororororororororo	8	0.5567296147346497	123	0	1.0
120	toru	torɔd͡ʑe;t͡sekogɑ;tːororororororororororororororororororororororororororororororororororororororororoorororororuorororororororo	9	0.5559325218200684	123	0	1.0
120	toru	torɔd͡ʑe;t͡sekogɑ;tːororororororororororororororororororororororororororororororororororororororororoorororororororororororor	10	0.5552190542221069	122	0	1.0
121	toru	toru	1	0.8838295936584473	0	1	0.7222222089767456
121	toru	torut	2	0.8312973380088806	1	0	0.7222222089767456
121	toru	torust	3	0.6133407950401306	2	0	0.7222222089767456
121	toru	torud	4	0.5478233098983765	1	0	0.7222222089767456
121	toru	torukustest͡st͡st;dotototorororororororororororororororororororororororororororororororororororororooororororororororororororor	5	0.5095762610435486	123	0	0.7222222089767456
121	toru	torukustest͡st͡st;dotototorororororororororororororororororororororororororororororororororororororooororororororororororororo	6	0.506964385509491	122	0	0.7222222089767456
121	toru	torukustest͡st͡st;totototorororororororororororororororororororororororororororororororororororororooororororororororororororor	7	0.5065228939056396	123	0	0.7222222089767456
121	toru	torukustest͡st͡st;totototorororoororororororororororororororororororororororororororororororoorororooororororororororororororor	8	0.5052520632743835	123	0	0.7222222089767456
121	toru	torukustest͡st͡st;dotototorororoororororororororororororororororororororororororororororororoorororooororororororororororororor	9	0.5041462779045105	123	0	0.7222222089767456
121	toru	torukustest͡st͡st;todototorororororororororororororororororororororororororororororororororororororooororororororororororororor	10	0.5041201114654541	123	0	0.7222222089767456
122	torugɑ	torugɑ	1	0.9107434749603271	0	1	1.0
122	torugɑ	torɔgɑ	2	0.8329155445098877	1	0	1.0
122	torugɑ	torɔvigɑ	3	0.6894815564155579	3	0	1.0
122	torugɑ	torɔdigɑ	4	0.566599428653717	3	0	1.0
122	torugɑ	torɔegɑ	5	0.5328955054283142	2	0	1.0
122	torugɑ	torɔ̃w	6	0.5295745730400085	3	0	1.0
122	torugɑ	torɔvigɑgɑgɑgɑgɑgɑgɑgogororororororororororororororororororororororororororororororororororororororoorororororororororororororo	7	0.5209236145019531	122	0	1.0
122	torugɑ	torɔvigɑgɑgɑgɑgɑgɑgɑgogororororororororororororororororororororororororororororororororororororororoororororororororororororor	8	0.5163736939430237	121	0	1.0
122	torugɑ	torɔvigɑgɑgɑgɑgɑgɑgɑgogororororororororororororororororororororororororororororororororororororororoororororororororororororo	9	0.5161336064338684	120	0	1.0
122	torugɑ	torɔɑ	10	0.5147544741630554	2	0	1.0
123	torule	torule	1	0.9168115258216858	0	1	0.949999988079071
123	torule	torɔle	2	0.8344321250915527	1	0	0.949999988079071
123	torule	torulːe	3	0.7055626511573792	1	0	0.949999988079071
123	torule	torɔlːe	4	0.5332920551300049	2	0	0.949999988079071
123	torule	tordule	5	0.5212001800537109	1	0	0.949999988079071
123	torule	torlule	6	0.5028286576271057	1	0	0.949999988079071
123	torule	torile	7	0.4900112748146057	1	0	0.949999988079071
123	torule	tormule	8	0.4893587827682495	1	0	0.949999988079071
123	torule	torɑle	9	0.46139028668403625	1	0	0.949999988079071
123	torule	torole	10	0.4564964175224304	1	0	0.949999988079071
124	torus	torus	1	0.9555238485336304	0	1	1.0
124	torus	torɔs	2	0.7035847902297974	1	0	1.0
124	torus	torusesesesesdosdostostostorororororororororororororororororororororororororororororororororororororororororororuororororororor	3	0.6061815619468689	122	0	1.0
124	torus	torusesesesesdosdostostostorororororororororororororororororororororororororororororororororororororororororororuororororororo	4	0.6043250560760498	121	0	1.0
124	torus	torusesesesesdosdostostostororororororororororororororororororororororororororororororororororororororororororororororororororo	5	0.6038839221000671	122	0	1.0
124	torus	torusesesesesdokosdostostorororororororororororororororororororororororororororororororororororororoororororororuororororororor	6	0.6021285057067871	122	0	1.0
124	torus	torusesesesesdokostostostorororororororororororororororororororororororororororororororororororororoororororororuororororororor	7	0.6020770072937012	122	0	1.0
124	torus	torusesesesesdosestostostorororororororororororororororororororororororororororororororororororororoororororororuororororororor	8	0.601707398891449	122	0	1.0
124	torus	torusesesesesdosdostostostorororororororororororororororororororororororororororororororororororororororororororuorororororor	9	0.6010789275169373	120	0	1.0
124	torus	torusesesesesdosdostostostorororororororororororororororororororororororororororororororororororororororororororororororororor	10	0.600705623626709	121	0	1.0
125	torust	torust	1	0.9582244157791138	0	1	1.0
125	torust	torɔst	2	0.7356122732162476	1	0	1.0
125	torust	torustestest͡st͡ststostostororororororororororororororororororororostorororororororororororororororoorororororororororororororo	3	0.6743013262748718	121	0	1.0
125	torust	torustestest͡st͡ststostostororororororororororororororororororororostorororororororororororororororoororororororuororororororor	4	0.6717717051506042	121	0	1.0
125	torust	torustestest͡st͡ststostostororororororororororororororororororororostorororororororororororororororoororororororororororororor	5	0.6712315678596497	120	0	1.0
125	torust	torustestest͡st͡ststostostororororororororororororororororororororostorororororororororororororororoororororororororororororo	6	0.6707411408424377	119	0	1.0
125	torust	torustestest͡st͡ststostostororororororororororororororororororororostorororororororororororororororoororororororuororororororo	7	0.6706467270851135	120	0	1.0
125	torust	torustestest͡st͡ststostostororororororororororororororororororororostorororororororororororororororoorororororororororororor	8	0.667927622795105	118	0	1.0
125	torust	torustestest͡st͡ststostostororororororororororororororororororororostorororororororororororororororoororororororuorororororor	9	0.6675643920898438	119	0	1.0
125	torust	torustestest͡st͡ststostostororororororororororororororororororororostorororororororororororororororoororororororuorororororo	10	0.6671222448348999	118	0	1.0
126	tsirkuse	tsirkuse	1	0.9087557792663574	0	1	1.0
126	tsirkuse	tsirkukse	2	0.8078044056892395	1	0	1.0
126	tsirkuse	tsirkusu	3	0.7210171818733215	1	0	1.0
126	tsirkuse	tsirkusi	4	0.7158482074737549	1	0	1.0
126	tsirkuse	tsirkuksi	5	0.671714723110199	2	0	1.0
126	tsirkuse	tsirkuːse	6	0.6546142101287842	1	0	1.0
126	tsirkuse	tsirkusːe	7	0.6424150466918945	1	0	1.0
126	tsirkuse	tsirkust	8	0.6332923173904419	1	0	1.0
126	tsirkuse	tsirkuksu	9	0.631512463092804	2	0	1.0
126	tsirkuse	tsirkusa	10	0.6312558054924011	1	0	1.0
127	tsirkusegɑ	tsirkusegɑ	1	0.8857378363609314	0	1	0.9473684430122375
127	tsirkusegɑ	tsirkuksegɑ	2	0.8819903135299683	1	0	0.9473684430122375
127	tsirkusegɑ	tsirkugɑ	3	0.7406086325645447	2	0	0.9473684430122375
127	tsirkusegɑ	tsirkudegɑ	4	0.7130070328712463	1	0	0.9473684430122375
127	tsirkusegɑ	tsirkuːgɑ	5	0.7084147930145264	2	0	0.9473684430122375
127	tsirkusegɑ	tsirkusːɑ	6	0.6976572871208191	2	0	0.9473684430122375
127	tsirkusegɑ	tsirkuksigɑ	7	0.6826654672622681	2	0	0.9473684430122375
127	tsirkusegɑ	tsirkusigɑ	8	0.6759843826293945	1	0	0.9473684430122375
127	tsirkusegɑ	tsirkuːsegɑ	9	0.6753762364387512	1	0	0.9473684430122375
127	tsirkusegɑ	tsirkutsegɑ	10	0.6721327900886536	1	0	0.9473684430122375
128	tsirkusele	tsirkukse	1	0.8503965139389038	3	0	0.9473684430122375
128	tsirkusele	tsirkuse	2	0.8492203950881958	2	0	0.9473684430122375
128	tsirkusele	tsirkusele	3	0.7760177254676819	0	1	0.9473684430122375
128	tsirkusele	tsirkudele	4	0.7702264189720154	1	0	0.9473684430122375
128	tsirkusele	tsirkuːle	5	0.7583264112472534	2	0	0.9473684430122375
128	tsirkusele	tsirkuksele	6	0.7385879158973694	1	0	0.9473684430122375
128	tsirkusele	tsirkule	7	0.7355076670646667	2	0	0.9473684430122375
128	tsirkusele	tsirkusːe	8	0.6813002228736877	2	0	0.9473684430122375
128	tsirkusele	tsirkuele	9	0.6618178486824036	1	0	0.9473684430122375
128	tsirkusele	tsirkuselːe	10	0.6571720838546753	1	0	0.9473684430122375
129	tsirkuses	tsirkuses	1	0.8966260552406311	0	1	0.875
129	tsirkuses	tsirkusis	2	0.7707900404930115	1	0	0.875
129	tsirkuses	tsirkust	3	0.7557170987129211	2	0	0.875
129	tsirkuses	tsirkukses	4	0.740915834903717	1	0	0.875
129	tsirkuses	tsirkus	5	0.7343999147415161	2	0	0.875
129	tsirkuses	tsirkusːis	6	0.7334887385368347	2	0	0.875
129	tsirkuses	tsirkusus	7	0.7210081815719604	1	0	0.875
129	tsirkuses	tsirkuseses	8	0.6732964515686035	2	0	0.875
129	tsirkuses	tsirkuksis	9	0.6731919646263123	2	0	0.875
129	tsirkuses	tsirkuːses	10	0.6698175668716431	1	0	0.875
130	tsirkusest	tsirkust	1	0.957771897315979	2	0	1.0
130	tsirkusest	tsirkukst	2	0.7410717606544495	2	0	1.0
130	tsirkusest	tsirkuːst	3	0.6597816348075867	2	0	1.0
130	tsirkusest	tsirkudest	4	0.6427477598190308	1	0	1.0
130	tsirkusest	tsirkutst	5	0.6272538900375366	2	0	1.0
130	tsirkusest	tsirkusest	6	0.6256217360496521	0	1	1.0
130	tsirkusest	tsirkustest	7	0.6031783223152161	1	0	1.0
130	tsirkusest	tsirkustist	8	0.5995071530342102	2	0	1.0
130	tsirkusest	tsirkɔst	9	0.582701563835144	3	0	1.0
130	tsirkusest	tsirkuksest	10	0.5811906456947327	1	0	1.0
131	tsirkust	tsirkust	1	0.9493452906608582	0	1	1.0
131	tsirkust	tsirkukst	2	0.7021310329437256	1	0	1.0
131	tsirkust	tsirkut	3	0.6909838914871216	1	0	1.0
131	tsirkust	tsirkutst	4	0.6601149439811707	1	0	1.0
131	tsirkust	tsirkuːst	5	0.6424902081489563	1	0	1.0
131	tsirkust	tsirkutut	6	0.5999870300292969	2	0	1.0
131	tsirkust	tsirkutːit	7	0.5974159240722656	3	0	1.0
131	tsirkust	tsirkusit	8	0.5768492817878723	1	0	1.0
131	tsirkust	tsirkutet	9	0.5754132866859436	2	0	1.0
131	tsirkust	tsirkutit	10	0.5703180432319641	2	0	1.0
132	tubɑ	tubɑ	1	0.9202245473861694	0	1	0.9473684430122375
132	tubɑ	tubɑt	2	0.6736792922019958	1	0	0.9473684430122375
132	tubɑ	tupɑ	3	0.5755681395530701	1	0	0.9473684430122375
132	tubɑ	tubɑst	4	0.5663034319877625	2	0	0.9473684430122375
132	tubɑ	tubːɑ	5	0.5108362436294556	1	0	0.9473684430122375
132	tubɑ	tubɑd	6	0.500796377658844	1	0	0.9473684430122375
132	tubɑ	tub;ɑ	7	0.4568089246749878	1	0	0.9473684430122375
132	tubɑ	tupɑt	8	0.43691250681877136	2	0	0.9473684430122375
132	tubɑ	tubɑː	9	0.4279201924800873	1	0	0.9473684430122375
132	tubɑ	tubɑgɑ	10	0.4247022569179535	2	0	0.9473684430122375
133	ʋoːdi	ʋoːdi	1	0.9776955842971802	0	1	1.0
133	ʋoːdi	ʋoːde	2	0.5210890173912048	1	0	1.0
133	ʋoːdi	ʋoːti	3	0.5004373788833618	1	0	1.0
133	ʋoːdi	ʋoːdigɑ	4	0.43043264746665955	2	0	1.0
133	ʋoːdi	ʋohdi	5	0.4302848279476166	1	0	1.0
133	ʋoːdi	ʋoːdjɑ	6	0.42424002289772034	2	0	1.0
133	ʋoːdi	ʋoːdɑ	7	0.4169183373451233	1	0	1.0
133	ʋoːdi	ʋoːdji	8	0.41143685579299927	1	0	1.0
133	ʋoːdi	ʋoɑːdi	9	0.41143402457237244	1	0	1.0
133	ʋoːdi	ʋoːdiku	10	0.40363720059394836	2	0	1.0
134	ʋoːdigɑ	ʋoːdigɑ	1	0.9795864820480347	0	1	1.0
134	ʋoːdigɑ	ʋoːdegɑ	2	0.6616455316543579	1	0	1.0
134	ʋoːdigɑ	ʋoːtigɑ	3	0.5436365008354187	1	0	1.0
134	ʋoːdigɑ	ʋoːdɑgɑ	4	0.5275992155075073	1	0	1.0
134	ʋoːdigɑ	ʋohdigɑ	5	0.5112468600273132	1	0	1.0
134	ʋoːdigɑ	ʋoːdigɑgɑ	6	0.5042096376419067	2	0	1.0
134	ʋoːdigɑ	ʋoːdigu	7	0.4920927882194519	1	0	1.0
134	ʋoːdigɑ	ʋoːdjɑ	8	0.48199257254600525	2	0	1.0
134	ʋoːdigɑ	ʋoːdige	9	0.4779568910598755	1	0	1.0
134	ʋoːdigɑ	ʋoːdugɑ	10	0.4756311774253845	1	0	1.0
135	ʋoːdile	ʋoːdile	1	0.9578535556793213	0	1	1.0
135	ʋoːdile	ʋoːdilːe	2	0.8189035058021545	1	0	1.0
135	ʋoːdile	ʋoːdele	3	0.5864905118942261	1	0	1.0
135	ʋoːdile	ʋoːdilte	4	0.5607802867889404	1	0	1.0
135	ʋoːdile	ʋoːdil;e	5	0.5323663949966431	1	0	1.0
135	ʋoːdile	ʋoːdelːe	6	0.5230646729469299	2	0	1.0
135	ʋoːdile	ʋoːdilɛ	7	0.5025839805603027	1	0	1.0
135	ʋoːdile	ʋohdile	8	0.49946948885917664	1	0	1.0
135	ʋoːdile	ʋoːtile	9	0.49945878982543945	1	0	1.0
135	ʋoːdile	ʋoːdili	10	0.492148756980896	1	0	1.0
136	ʋoːdis	ʋoːdis	1	0.9762612581253052	0	1	1.0
136	ʋoːdis	ʋoːdes	2	0.595269501209259	1	0	1.0
136	ʋoːdis	ʋoːdises	3	0.5417038798332214	2	0	1.0
136	ʋoːdis	ʋoːtis	4	0.5332906246185303	1	0	1.0
136	ʋoːdis	ʋoːdist	5	0.5052480697631836	1	0	1.0
136	ʋoːdis	ʋoːdjɑs	6	0.4945236146450043	2	0	1.0
136	ʋoːdis	ʋohdis	7	0.4829685688018799	1	0	1.0
136	ʋoːdis	ʋoːdɑs	8	0.4766627848148346	1	0	1.0
136	ʋoːdis	ʋoːdiːs	9	0.4665999114513397	1	0	1.0
136	ʋoːdis	ʋoːdisis	10	0.46442505717277527	2	0	1.0
137	ʋoːdist	ʋoːdist	1	0.9769513010978699	0	1	0.8888888955116272
137	ʋoːdist	ʋoːdest	2	0.6351373195648193	1	0	0.8888888955116272
137	ʋoːdist	ʋoːtist	3	0.5687430500984192	1	0	0.8888888955116272
137	ʋoːdist	ʋoːdistest	4	0.5649201273918152	3	0	0.8888888955116272
137	ʋoːdist	ʋoːdisest	5	0.5563772916793823	2	0	0.8888888955116272
137	ʋoːdist	ʋoːdistist	6	0.5452908277511597	3	0	0.8888888955116272
137	ʋoːdist	ʋoːdjɑst	7	0.5304354429244995	2	0	0.8888888955116272
137	ʋoːdist	ʋoːdistst	8	0.5258117318153381	2	0	0.8888888955116272
137	ʋoːdist	ʋoːdistust	9	0.5225451588630676	3	0	0.8888888955116272
137	ʋoːdist	ʋoːdɑst	10	0.5157204866409302	1	0	0.8888888955116272
138	ʋoːdit	ʋoːdit	1	0.9242662191390991	0	1	1.0
138	ʋoːdit	ʋoːdi	2	0.7955797910690308	1	0	1.0
138	ʋoːdit	ʋoːdist	3	0.6759068965911865	1	0	1.0
138	ʋoːdit	ʋoːdid	4	0.5908126831054688	1	0	1.0
138	ʋoːdit	ʋoːdet	5	0.5608696937561035	1	0	1.0
138	ʋoːdit	ʋoːdilt	6	0.5314830541610718	1	0	1.0
138	ʋoːdit	ʋoːtit	7	0.5155254602432251	1	0	1.0
138	ʋoːdit	ʋoːdigɑ	8	0.5063336491584778	2	0	1.0
138	ʋoːdit	ʋoːdikut	9	0.5047175884246826	2	0	1.0
138	ʋoːdit	ʋoːdiɑ	10	0.4953591525554657	1	0	1.0
139	ʋøːle	ʋøːle	1	0.982789933681488	0	1	1.0
139	ʋøːle	ʋøːlːe	2	0.5818171501159668	1	0	1.0
139	ʋøːle	ʋøtle	3	0.4420475363731384	1	0	1.0
139	ʋøːle	ʋøːli	4	0.4321868419647217	1	0	1.0
139	ʋøːle	ʋøːele	5	0.43187689781188965	1	0	1.0
139	ʋøːle	ʋøːlte	6	0.4251258671283722	1	0	1.0
139	ʋøːle	ʋøːlele	7	0.4230300784111023	2	0	1.0
139	ʋøːle	ʋøːlese	8	0.4213223159313202	2	0	1.0
139	ʋøːle	ʋøːlege	9	0.41887080669403076	2	0	1.0
139	ʋøːle	ʋøːleːe	10	0.41568443179130554	2	0	1.0
140	ʋøːgɑ	ʋøːgɑ	1	0.9801021814346313	0	1	1.0
140	ʋøːgɑ	ʋøːgi	2	0.5898926258087158	1	0	1.0
140	ʋøːgɑ	ʋøːgu	3	0.5008008480072021	1	0	1.0
140	ʋøːgɑ	ʋøːge	4	0.4845058023929596	1	0	1.0
140	ʋøːgɑ	ʋøːdigɑ	5	0.4793533682823181	2	0	1.0
140	ʋøːgɑ	ʋøːgɑgɑ	6	0.44575974345207214	2	0	1.0
140	ʋøːgɑ	ʋøːegɑ	7	0.4413972795009613	1	0	1.0
140	ʋøːgɑ	ʋøtgɑ	8	0.41860371828079224	1	0	1.0
140	ʋøːgɑ	ʋøhigɑ	9	0.41079196333885193	2	0	1.0
140	ʋøːgɑ	ʋøːgæ	10	0.40764686465263367	1	0	1.0
141	ʋøːst	ʋøːst	1	0.9832186102867126	0	1	0.9375
141	ʋøːst	ʋøːsest	2	0.5006232857704163	2	0	0.9375
141	ʋøːst	ʋøːstest	3	0.49329736828804016	3	0	0.9375
141	ʋøːst	ʋøːstist	4	0.4628230035305023	3	0	0.9375
141	ʋøːst	ʋøːstst	5	0.46054691076278687	2	0	0.9375
141	ʋøːst	ʋøːstast	6	0.4500892758369446	3	0	0.9375
141	ʋøːst	ʋøːstust	7	0.4283766448497772	3	0	0.9375
141	ʋøːst	ʋøːstat	8	0.4223235249519348	2	0	0.9375
141	ʋøːst	ʋøːstut	9	0.4215625524520874	2	0	0.9375
141	ʋøːst	ʋøːsst	10	0.41246873140335083	1	0	0.9375
142	ʋøː	ʋøː	1	0.9596624970436096	0	1	1.0
142	ʋøː	ʋøːdi	2	0.5359776020050049	2	0	1.0
142	ʋøː	ʋøːgɑ	3	0.47953134775161743	2	0	1.0
142	ʋøː	ʋøːgi	4	0.47588083148002625	2	0	1.0
142	ʋøː	ʋøːe	5	0.4754427671432495	1	0	1.0
142	ʋøː	ʋøːgu	6	0.46721741557121277	2	0	1.0
142	ʋøː	ʋøːt	7	0.4651549756526947	1	0	1.0
142	ʋøː	ʋøːd	8	0.4619808793067932	1	0	1.0
142	ʋøː	ʋøːde	9	0.4481780529022217	2	0	1.0
142	ʋøː	ʋøːni	10	0.44660624861717224	2	0	1.0
143	ʋøːs	ʋøːs	1	0.9846149682998657	0	1	1.0
143	ʋøːs	ʋøːses	2	0.47601521015167236	2	0	1.0
143	ʋøːs	ʋøːsis	3	0.42475488781929016	2	0	1.0
143	ʋøːs	ʋøts	4	0.40713098645210266	1	0	1.0
143	ʋøːs	ʋøːst	5	0.40353134274482727	1	0	1.0
143	ʋøːs	ʋøːsus	6	0.3944540023803711	2	0	1.0
143	ʋøːs	ʋøːsas	7	0.39221808314323425	2	0	1.0
143	ʋøːs	ʋøhis	8	0.37162691354751587	2	0	1.0
143	ʋøːs	ʋøːːs	9	0.35742801427841187	1	0	1.0
143	ʋøːs	ʋøːis	10	0.3568781018257141	1	0	1.0
144	ʋøːd	ʋøːt	1	0.8752806186676025	1	0	0.949999988079071
144	ʋøːd	ʋøːd	2	0.7348131537437439	0	1	0.949999988079071
144	ʋøːd	ʋøː	3	0.686903178691864	1	0	0.949999988079071
144	ʋøːd	ʋøːdi	4	0.5627104043960571	1	0	0.949999988079071
144	ʋøːd	ʋøːst	5	0.5194941759109497	2	0	0.949999988079071
144	ʋøːd	ʋøːdu	6	0.5023135542869568	1	0	0.949999988079071
144	ʋøːd	ʋøːde	7	0.49751538038253784	1	0	0.949999988079071
144	ʋøːd	ʋøː;t	8	0.48548710346221924	2	0	0.949999988079071
144	ʋøːd	ʋøːdɑ	9	0.464216947555542	1	0	0.949999988079071
144	ʋøːd	ʋøːu	10	0.4486428201198578	1	0	0.949999988079071
