1	ɑkent	ɑkenɑ	1	0.12363842645628383	1	0	0.7368420958518982
1	ɑkent	ɑkent	2	0.11927090199484021	0	1	0.7368420958518982
1	ɑkent	ɑkenit	3	0.1038150925587931	1	0	0.7368420958518982
1	ɑkent	ɑkenɑt	4	0.09932582648694266	1	0	0.7368420958518982
1	ɑkent	ɑk;nɑ	5	0.09900319445054769	2	0	0.7368420958518982
1	ɑkent	ɑkeni	6	0.0950485363886589	1	0	0.7368420958518982
1	ɑkent	ɑkenu	7	0.0926680079544741	1	0	0.7368420958518982
1	ɑkent	ɑkenut	8	0.09229233207144814	1	0	0.7368420958518982
1	ɑkent	ɑkenɑst	9	0.08791308756665288	2	0	0.7368420958518982
1	ɑkent	ɑk;ni	10	0.08702459407135851	2	0	0.7368420958518982
2	ɑk;nɑ	ɑkenɑ	1	0.14603012533052923	1	0	0.8888888955116272
2	ɑk;nɑ	ɑkeni	2	0.1265191178865181	2	0	0.8888888955116272
2	ɑk;nɑ	ɑkenu	3	0.10732739534346095	2	0	0.8888888955116272
2	ɑk;nɑ	ɑkene	4	0.10295730366752162	2	0	0.8888888955116272
2	ɑk;nɑ	ɑk;nɑ	5	0.09253584295144286	0	1	0.8888888955116272
2	ɑk;nɑ	ɑk;ni	6	0.08668215735563445	1	0	0.8888888955116272
2	ɑk;nɑ	ɑkenɑgɑgɑgɑgɑgɑgɑzkekekekekekekkkkekekkkekekkkkkkkkekekekekekekekekekekekekekekekekekekekekekkkekekekkekekekkekekekkkekekekekek	7	0.08457006174267734	123	0	0.8888888955116272
2	ɑk;nɑ	ɑkenɑgɑgɑgɑgɑgɑgɑzkekekekekkekkkkkekekkkekekkkkkkkkkekekekekekekekekekekekekekekekekekekekekekkekekekkekekekkekekekkkekekekekek	8	0.0844802619567021	123	0	0.8888888955116272
2	ɑk;nɑ	ɑkenɑgɑgɑgɑgɑgɑgɑzkekekekekekekkkkekekkkekekkkkkkkkkekekekekekekekekekekekekekekekekekekekekekkekekekkekekekkekekekkkekekekekek	9	0.08446519851696757	123	0	0.8888888955116272
2	ɑk;nɑ	ɑkenɑgɑgɑgɑgɑgɑgɑzkekekekekekekkkkekekkkekekkkkkkkkekekekekekekekekekekekekekekekekekekekekekkkekekekkekekekkekekekkkekekekek	10	0.08443253524854578	121	0	0.8888888955116272
3	ɑk;nɑgɑ	ɑkenɑ	1	0.13111665080401913	3	0	0.7368420958518982
3	ɑk;nɑgɑ	ɑkenɑgɑ	2	0.13000783338288832	1	0	0.7368420958518982
3	ɑk;nɑgɑ	ɑkenigɑ	3	0.11917257315329821	2	0	0.7368420958518982
3	ɑk;nɑgɑ	ɑkenegɑ	4	0.11064616339326444	2	0	0.7368420958518982
3	ɑk;nɑgɑ	ɑkenugɑ	5	0.09021900500382608	2	0	0.7368420958518982
3	ɑk;nɑgɑ	ɑkengɑ	6	0.08786954727693998	2	0	0.7368420958518982
3	ɑk;nɑgɑ	ɑk;nɑ	7	0.0848540611157307	2	0	0.7368420958518982
3	ɑk;nɑgɑ	ɑkenɑsegɑ	8	0.08372335084803681	3	0	0.7368420958518982
3	ɑk;nɑgɑ	ɑk;nɑgɑ	9	0.08185665002475435	0	1	0.7368420958518982
3	ɑk;nɑgɑ	ɑkenɑːgɑ	10	0.08053416499724197	2	0	0.7368420958518982
4	ɑk;nɑle	ɑkenɑle	1	0.1264820762347328	1	0	0.8500000238418579
4	ɑk;nɑle	ɑkenele	2	0.12180303059558518	2	0	0.8500000238418579
4	ɑk;nɑle	ɑkenile	3	0.109026231836486	2	0	0.8500000238418579
4	ɑk;nɑle	ɑkenelːe	4	0.10047882809533311	3	0	0.8500000238418579
4	ɑk;nɑle	ɑkenɑlːe	5	0.09926150954811387	2	0	0.8500000238418579
4	ɑk;nɑle	ɑkenilːe	6	0.09236647765670557	3	0	0.8500000238418579
4	ɑk;nɑle	ɑkenle	7	0.09144629735707865	2	0	0.8500000238418579
4	ɑk;nɑle	ɑk;nɑle	8	0.09050328139313857	0	1	0.8500000238418579
4	ɑk;nɑle	ɑkenule	9	0.09019391435124101	2	0	0.8500000238418579
4	ɑk;nɑle	ɑkenːe	10	0.07843835293158526	3	0	0.8500000238418579
5	ɑk;nɑs	ɑkenɑs	1	0.13637731869301128	1	0	0.800000011920929
5	ɑk;nɑs	ɑkenis	2	0.11801637515850413	2	0	0.800000011920929
5	ɑk;nɑs	ɑk;nɑs	3	0.10232781106051239	0	1	0.800000011920929
5	ɑk;nɑs	ɑkenes	4	0.10193321071330237	2	0	0.800000011920929
5	ɑk;nɑs	ɑkenus	5	0.09560751067653317	2	0	0.800000011920929
5	ɑk;nɑs	ɑkenɑseseseseseseseskekɑkɑkekekekekekekekekekekekekekekekekekekekeskekekekekekekekekekekekekɑkkekekɑkkekekekkekekekekekekekekek	6	0.08941358860251139	122	0	0.800000011920929
5	ɑk;nɑs	ɑkenɑseseseseseseseskekekɑkekekekekekekekekekekekekekekekekekekekeskekekekekekekekekekekekekɑkkekekɑkkekekekkekekekekekekekekek	7	0.08932775535612204	122	0	0.800000011920929
5	ɑk;nɑs	ɑkenɑseseseseseseseskekskɑkekekekekekekekekekekekekekekekekekekekeskekekekekekekekekekekekekɑkkekekɑkkekekekkekekekekekekekekek	8	0.08904986854363238	122	0	0.800000011920929
5	ɑk;nɑs	ɑkenɑseseseseseseseskekɑkɑkekekekekekekekekekekekekekekekekekekekeskekekekekekekekekekekekekekkekekɑkkekekekkekekekekekekekekek	9	0.08904223792777306	122	0	0.800000011920929
5	ɑk;nɑs	ɑkenɑseseseseseseseskekɑkɑkekekekekekekekekekekekekekekekekekekekeskekekekekekekekekekekekekɑkkekekɑkkekekekkekekekkekekekekek	10	0.08890432326809777	121	0	0.800000011920929
6	ɑk;nɑst	ɑkenɑst	1	0.1361914961511739	1	0	0.6842105388641357
6	ɑk;nɑst	ɑkenist	2	0.11911711776846005	2	0	0.6842105388641357
6	ɑk;nɑst	ɑkenest	3	0.11093453174147974	2	0	0.6842105388641357
6	ɑk;nɑst	ɑk;nɑst	4	0.09963749233861259	0	1	0.6842105388641357
6	ɑk;nɑst	ɑkenust	5	0.09589852430655435	2	0	0.6842105388641357
6	ɑk;nɑst	ɑkenst	6	0.09081660731896676	2	0	0.6842105388641357
6	ɑk;nɑst	ɑkenɑstestest͡st͡stikesekɑkekekekekekekekekekekekekekekekekekekekeseskekekekekekekekekekekekekkekekekkekekekkekekekekekekekekek	7	0.08705373166277694	121	0	0.6842105388641357
6	ɑk;nɑst	ɑkenɑstestest͡st͡stikesekɑkekekekekekekekekekekekekekekekekekekekeseskekeskekekekekekekekekekekekekekkekekekkekekekekekekekekek	8	0.08688638715838093	121	0	0.6842105388641357
6	ɑk;nɑst	ɑkenɑstestest͡st͡stikstekɑkekekekekekekekekekekekekekekekekekekekeseskekekekekekekekekekekekekkekekekkekekekkekekekekekekekekek	9	0.08678638645099182	121	0	0.6842105388641357
6	ɑk;nɑst	ɑkenɑstestest͡st͡stikesekɑkekekekekekekekekekekekekekekekekekekekestakekekekekekekekekekekekekkekekekkekekekkekekekekekekekekek	10	0.0866777251026029	121	0	0.6842105388641357
7	ɑuto	ɑuto	1	0.22326964891165027	0	1	1.0
7	ɑuto	ɑutːo	2	0.09336586581698998	1	0	1.0
7	ɑuto	ɑutogɑ	3	0.09117970018489228	2	0	1.0
7	ɑuto	ɑudo	4	0.09057600778106094	1	0	1.0
7	ɑuto	ɑutos	5	0.08797245406710731	1	0	1.0
7	ɑuto	ɑɑuto	6	0.08653226400172243	1	0	1.0
7	ɑuto	ɑuːo	7	0.08321625610958389	1	0	1.0
7	ɑuto	ɑutoɑ	8	0.08193512697969604	1	0	1.0
7	ɑuto	ɑoto	9	0.08118312617053741	1	0	1.0
7	ɑuto	ɑutot	10	0.08076954997675943	1	0	1.0
8	ɑutogɑ	ɑutogɑ	1	0.18738439419386496	0	1	1.0
8	ɑutogɑ	ɑudogɑ	2	0.10160560843280929	1	0	1.0
8	ɑutogɑ	ɑutːogɑ	3	0.09494468473052489	1	0	1.0
8	ɑutogɑ	ɑuːogɑ	4	0.0946620447275904	1	0	1.0
8	ɑutogɑ	ɑutogɑgɑ	5	0.0914558455866068	2	0	1.0
8	ɑutogɑ	ɑotogɑ	6	0.08906908237849134	1	0	1.0
8	ɑutogɑ	ɑutogu	7	0.08596586148915836	1	0	1.0
8	ɑutogɑ	ɑutoɑ	8	0.08570156493388119	1	0	1.0
8	ɑutogɑ	ɑuɑugɑ	9	0.08461667204689685	2	0	1.0
8	ɑutogɑ	ɑugogɑ	10	0.08459424148017596	1	0	1.0
9	ɑutole	ɑutole	1	0.16695057937522145	0	1	1.0
9	ɑutole	ɑutolːe	2	0.13147760574306913	1	0	1.0
9	ɑutole	ɑudole	3	0.10530883473686085	1	0	1.0
9	ɑutole	ɑuːole	4	0.0893211589774031	1	0	1.0
9	ɑutole	ɑutolte	5	0.08923072871045311	1	0	1.0
9	ɑutole	ɑudolːe	6	0.08807810182228487	2	0	1.0
9	ɑutole	ɑutol;e	7	0.0861295637100196	1	0	1.0
9	ɑutole	ɑutːole	8	0.08401001977764051	1	0	1.0
9	ɑutole	ɑutolɛ	9	0.0816034039742354	1	0	1.0
9	ɑutole	ɑutolese	10	0.077890003172812	2	0	1.0
10	ɑutos	ɑutos	1	0.19456787962975347	0	1	1.0
10	ɑutos	ɑutoses	2	0.10079938641244755	2	0	1.0
10	ɑutos	ɑudos	3	0.09912481801063185	1	0	1.0
10	ɑutos	ɑutːos	4	0.09133491490721427	1	0	1.0
10	ɑutos	ɑutost	5	0.09032968312567648	1	0	1.0
10	ɑutos	ɑuːos	6	0.0872503642348266	1	0	1.0
10	ɑutos	ɑutosis	7	0.08632306132181869	2	0	1.0
10	ɑutos	ɑutoːs	8	0.08628420706593111	1	0	1.0
10	ɑutos	ɑutoks	9	0.08232184123624571	1	0	1.0
10	ɑutos	ɑotos	10	0.0816638440554543	1	0	1.0
11	ɑutost	ɑutost	1	0.17624991277365573	0	1	1.0
11	ɑutost	ɑudost	2	0.10246539366962401	1	0	1.0
11	ɑutost	ɑutosest	3	0.09661221188677128	2	0	1.0
11	ɑutost	ɑutostest	4	0.09496815852619951	3	0	1.0
11	ɑutost	ɑutostist	5	0.09047020379376375	3	0	1.0
11	ɑutost	ɑutːost	6	0.08887853480375923	1	0	1.0
11	ɑutost	ɑuːost	7	0.08884517673012442	1	0	1.0
11	ɑutost	ɑutostust	8	0.08837441347905325	3	0	1.0
11	ɑutost	ɑutostst	9	0.0879255957610576	2	0	1.0
11	ɑutost	ɑutokst	10	0.08521039857599122	1	0	1.0
12	ɑutot	ɑutot	1	0.15829540330766867	0	1	1.0
12	ɑutot	ɑuto	2	0.13419366079866832	1	0	1.0
12	ɑutot	ɑutost	3	0.11381085071931488	1	0	1.0
12	ɑutot	ɑutoɑ	4	0.10011289684828983	1	0	1.0
12	ɑutot	ɑutod	5	0.09603872645551552	1	0	1.0
12	ɑutot	ɑutogɑ	6	0.08824512581042031	2	0	1.0
12	ɑutot	ɑuto;t	7	0.07849402418329209	1	0	1.0
12	ɑutot	ɑutout	8	0.07726684980663998	1	0	1.0
12	ɑutot	ɑutol	9	0.07698588594934395	1	0	1.0
12	ɑutot	ɑutːot	10	0.07655657612084646	1	0	1.0
13	hobuse	hobune	1	0.13293851697837988	1	0	0.9444444179534912
13	hobuse	hobuse	2	0.11281457811207635	0	1	0.9444444179534912
13	hobuse	hobunese	3	0.1085831523205174	2	0	0.9444444179534912
13	hobuse	hobunekse	4	0.09680128721132474	3	0	0.9444444179534912
13	hobuse	hobuneː	5	0.09600924133763565	2	0	0.9444444179534912
13	hobuse	hobunesːe	6	0.09582587298789522	3	0	0.9444444179534912
13	hobuse	hobunet	7	0.09469959371746961	2	0	0.9444444179534912
13	hobuse	hobunes	8	0.09117115142359082	2	0	0.9444444179534912
13	hobuse	hobunest	9	0.08696744929478206	3	0	0.9444444179534912
13	hobuse	hobuneːse	10	0.08418915661632828	3	0	0.9444444179534912
14	hobusegɑ	hobunegɑ	1	0.14519977389094796	1	0	1.0
14	hobusegɑ	hobusegɑ	2	0.12746088128355967	0	1	1.0
14	hobusegɑ	hobuneːgɑ	3	0.09985778596705515	2	0	1.0
14	hobusegɑ	hobunesegɑ	4	0.09565649704715978	2	0	1.0
14	hobusegɑ	hobuneksegɑ	5	0.0902800983375945	3	0	1.0
14	hobusegɑ	hobunesːɑ	6	0.08973442126292172	3	0	1.0
14	hobusegɑ	hopunegɑ	7	0.08955796956741469	2	0	1.0
14	hobusegɑ	hobunege	8	0.08936455400781743	2	0	1.0
14	hobusegɑ	hobumegɑ	9	0.08715019205569957	1	0	1.0
14	hobusegɑ	hobunekse	10	0.08573782657982953	4	0	1.0
15	hobusele	hobunele	1	0.13622660482454468	1	0	0.949999988079071
15	hobusele	hobusele	2	0.12274305843221366	0	1	0.949999988079071
15	hobusele	hobunelːe	3	0.11018905506657847	2	0	0.949999988079071
15	hobusele	hobuneːle	4	0.1035288934827749	2	0	0.949999988079071
15	hobusele	hobuselːe	5	0.10307422150508505	1	0	0.949999988079071
15	hobusele	hobunese	6	0.08982866295561333	2	0	0.949999988079071
15	hobusele	hobunekse	7	0.08532492757396792	3	0	0.949999988079071
15	hobusele	hopunele	8	0.08424565367096642	2	0	0.949999988079071
15	hobusele	hobumele	9	0.08304219580737766	1	0	0.949999988079071
15	hobusele	hobukele	10	0.08179672668087791	1	0	0.949999988079071
16	hobuses	hobunes	1	0.13433794121398523	1	0	1.0
16	hobuses	hobuses	2	0.1189672028427493	0	1	1.0
16	hobuses	hobuneses	3	0.10504981254653098	2	0	1.0
16	hobuses	hobunest	4	0.10193750557009969	2	0	1.0
16	hobuses	hobuneːs	5	0.09668203767565887	2	0	1.0
16	hobuses	hobuseses	6	0.0931400719018956	2	0	1.0
16	hobuses	hobusest	7	0.09025404770179903	1	0	1.0
16	hobuses	hobunesːe	8	0.08875288701283959	3	0	1.0
16	hobuses	hobunesis	9	0.08635583125022844	3	0	1.0
16	hobuses	hobuneks	10	0.08452266228421328	2	0	1.0
17	hobusest	hobunest	1	0.139040869900707	1	0	1.0
17	hobusest	hobusest	2	0.12912120656924436	0	1	1.0
17	hobusest	hobuneːst	3	0.10495850861641035	2	0	1.0
17	hobusest	hobunet	4	0.09846048615748196	2	0	1.0
17	hobusest	hobunekst	5	0.09542370623066769	2	0	1.0
17	hobusest	hobunesest	6	0.08833319480087784	2	0	1.0
17	hobusest	hobuset	7	0.08727704575535689	1	0	1.0
17	hobusest	hopunest	8	0.08625671694535522	2	0	1.0
17	hobusest	hobunestest	9	0.08591999056386494	3	0	1.0
17	hobusest	hobumest	10	0.08520827446003375	1	0	1.0
18	hobust	hobunet	1	0.14179608058817045	2	0	0.9444444179534912
18	hobust	hobuset	2	0.11673020973935262	1	0	0.9444444179534912
18	hobust	hobunest	3	0.10290472996271349	2	0	0.9444444179534912
18	hobust	hobunetː	4	0.0956606641095559	3	0	0.9444444179534912
18	hobust	hobunetst	5	0.09506991667508115	3	0	0.9444444179534912
18	hobust	hobunetet	6	0.09079251271425233	4	0	0.9444444179534912
18	hobust	hobunetːet	7	0.08993589049475394	5	0	0.9444444179534912
18	hobust	hobunetːt	8	0.08918905151585349	4	0	0.9444444179534912
18	hobust	hobunett	9	0.08897595191693043	3	0	0.9444444179534912
18	hobust	hobunetːst	10	0.0889449922833362	4	0	0.9444444179534912
19	kruʋi	kruʋi	1	0.1533186671701844	0	1	0.949999988079071
19	kruʋi	kruʋe	2	0.124893464875386	1	0	0.949999988079071
19	kruʋi	kruʋːi	3	0.09264295802143446	1	0	0.949999988079071
19	kruʋi	kruʋɑ	4	0.09171558249203654	1	0	0.949999988079071
19	kruʋi	kruʋisːegɑgɑgrdrigrerurururururrrrrurrrrrrrrrrrrrrrrurururururururururururururururururrrurururrrururrrururrrrurururrrururururru	5	0.09007365780570693	122	0	0.949999988079071
19	kruʋi	kruʋisːegɑgɑgrigrigrurururururrrrrrurrrrrrrrrrrrrrrrurururururururururururururururururrrurururrrururrrururrrrurururrrururururru	6	0.08962750965771486	122	0	0.949999988079071
19	kruʋi	kruʋisːegɑgɑgrdrigrirurururururrrrrurrrrrrrrrrrrrrrrurururururururururururururururururrrurururrrururrrururrrrurururrrururururru	7	0.08961037975396775	122	0	0.949999988079071
19	kruʋi	kruʋisːegɑgɑgrdrigrerurururururrrrurrrrrrrrrrrrrrrrrurururururururururururururururururrrurururrrururrrururrrrurururrrururururru	8	0.08949287017507386	122	0	0.949999988079071
19	kruʋi	kruʋisːegɑgɑgrdrigrerurururururrrrrurrrrrrrrrrrrrrrrurururururururururururururururururrrurururrururrrrurururrurururrrururururru	9	0.08935260201677107	122	0	0.949999988079071
19	kruʋi	kruʋisːegɑgɑgrdrigrirurururururrrrurrrrrrrrrrrrrrrrrurururururururururururururururururrrurururrrururrrururrrrurururrrururururru	10	0.08927230803172412	122	0	0.949999988079071
20	kruʋi	kruʋit	1	0.136552313277281	1	0	0.6190476417541504
20	kruʋi	kruʋet	2	0.11564823902949527	2	0	0.6190476417541504
20	kruʋi	kruʋi	3	0.10820821014690905	0	1	0.6190476417541504
20	kruʋi	kruʋist	4	0.09513129148040003	2	0	0.6190476417541504
20	kruʋi	kruʋt	5	0.0935155713644706	1	0	0.6190476417541504
20	kruʋi	kruʋitetetetest͡st;krurururururrrrrrrrrrrrrrrrrrrrrrrurrrurururururirurururururururururrrururrrrururrrrururrrrururrrrurururrrru	6	0.09052178855153262	122	0	0.6190476417541504
20	kruʋi	kruʋitetetetest͡st;krurururururrrrrrrrrrrrrrrrrrrrrrrurrrurururururururururururururururrrururrrrururrrrururrrrururrrrurururrrru	7	0.09029244702041334	122	0	0.6190476417541504
20	kruʋi	kruʋitetetetest͡st;krurururrurrrrrrrrrrrrrrrrrrrrrrrrurrrurururururirurururururururururrrururrrrururrrrururrrrururrrrurururrrru	8	0.09008976869958521	122	0	0.6190476417541504
20	kruʋi	kruʋitetetetest͡st;krurururururrrrrrrrrrrrrrrrrrrrrrrurrrurururururirururirururururururrrururrrrururrrrururrrrururrrrurururrrru	9	0.09008939850262553	122	0	0.6190476417541504
20	kruʋi	kruʋitetetetest͡st;krurururururrrrrrrrrrrrrrrrrrrrrrrurrrurururururirurururururururururrrururrrrururrrrururrrrururrrrurururrrr	10	0.08995097192728736	121	0	0.6190476417541504
21	kruʋigɑ	kruʋigɑ	1	0.14715620332796095	0	1	1.0
21	kruʋigɑ	kruʋegɑ	2	0.13804044712895852	1	0	1.0
21	kruʋigɑ	kruʋɑgɑ	3	0.10029177620836847	1	0	1.0
21	kruʋigɑ	kruʋːigɑ	4	0.09757727060708084	1	0	1.0
21	kruʋigɑ	kruʋtigɑ	5	0.08764224406886187	1	0	1.0
21	kruʋigɑ	krɔʋigɑ	6	0.08611485957580169	1	0	1.0
21	kruʋigɑ	kruʋigɑgɑgɑgɑgɑgrgrgrurururururrrrrrrrrrrrrrrrrrrrrrurururururururururururururururururrrurururrrururrrururrrrurururrrururururru	7	0.08598563446044073	120	0	1.0
21	kruʋigɑ	kruʋigɑgɑgɑgɑgɑgrgrgrɔrururururrrrrurrrrrrrrrrrrrrrrurururururururururururururururururururururrururrrrurururrurururrrururururru	8	0.08585600127575756	120	0	1.0
21	kruʋigɑ	kruʋigɑgɑgɑgɑgɑgrgrgrɔrururururrrrrurrrrrrrrrrrrrrrrurururururururɔrurururururururururururururrururrrrurururrurururrrururururru	9	0.08575801718850619	120	0	1.0
21	kruʋigɑ	kruʋigɑgɑgɑgɑgɑgrgrgrurururururrrrrrrrrrrrrrrrrrrrrrurururururururururururururururururrrurururrrururrrururrrrurururrrururururr	10	0.08557754615826316	119	0	1.0
22	kruʋile	kruʋile	1	0.1368437252539584	0	1	1.0
22	kruʋile	kruʋele	2	0.12925938081376245	1	0	1.0
22	kruʋile	kruʋilːe	3	0.12150153168248821	1	0	1.0
22	kruʋile	kruʋelːe	4	0.11459389839617451	2	0	1.0
22	kruʋile	kruʋɑle	5	0.08941343167776555	1	0	1.0
22	kruʋile	kruʋːe	6	0.08361788075313566	2	0	1.0
22	kruʋile	kruʋdile	7	0.08246721646324708	1	0	1.0
22	kruʋile	kruʋilte	8	0.08226069235311198	1	0	1.0
22	kruʋile	krɔʋile	9	0.08016866001917643	1	0	1.0
22	kruʋile	kruʋule	10	0.07987358258717972	1	0	1.0
23	kruʋis	kruʋis	1	0.13952615095083246	0	1	0.7777777910232544
23	kruʋis	kruʋes	2	0.1229872782646969	1	0	0.7777777910232544
23	kruʋis	kruʋiseseseseseses;krurururururrrrrrrrrrrrrrrrrrrrrrurururururururururururururururururrrurururrrururrrururrrrurururrrurururrrru	3	0.0928586137330022	121	0	0.7777777910232544
23	kruʋis	kruʋiseseseseseses;krurururururrrrrrrrrrrrrrrrrrrrrrurururururururururururururururururrrurururrrururrrururrrrurururrrurururrrr	4	0.09277571830788164	120	0	0.7777777910232544
23	kruʋis	kruʋɑs	5	0.09256867668885486	1	0	0.7777777910232544
23	kruʋis	kruʋiseseseseseses;krurururururrrrrrrrrrrrrrrrrrrrrrurururururururururururururururururrrurururrrururrrururrrrurururrrurururrr	6	0.09217505769937856	119	0	0.7777777910232544
23	kruʋis	kruʋiseseseseseses;krurururururrrrrrrrrrrrrrrrrrrrrrurururururururururururururururururrrurururrrururrrururrrrurururrrururur	7	0.09207646048422978	117	0	0.7777777910232544
23	kruʋis	kruʋiseseseseseses;krurururururrrrrrrrrrrrrrrrrrrrrrurururururururururururururururururrrurururrrururrrururrrrurururrrurururr	8	0.09191220042423659	118	0	0.7777777910232544
23	kruʋis	kruʋiseseseseseses;krurururururrrrrrrrrrrrrrrrrrrrrrurururururururururururururururururrrurururrrururrrururrrrurururrrururu	9	0.0915777272310639	116	0	0.7777777910232544
23	kruʋis	kruʋiseseseseseses;krurururururrrrrrrrrrrrrrrrrrrrrrururrurururururururururururururururrurururrrururrrururrrrurururrrurururrrru	10	0.09154211621582313	121	0	0.7777777910232544
24	kruʋist	kruʋist	1	0.1404359941164577	0	1	1.0
24	kruʋist	kruʋest	2	0.1289010626518043	1	0	1.0
24	kruʋist	kruʋɑst	3	0.09536276885924554	1	0	1.0
24	kruʋist	kruʋːist	4	0.0927210813664001	1	0	1.0
24	kruʋist	kruʋistestest͡st͡st͡sɛrururururrrrururrrrrrrrrrrrrrrurururururururerirururururururururururururrururrrrurururrurururrrururururru	5	0.09110018099977514	120	0	1.0
24	kruʋist	kruʋistestest͡st͡st͡sɛrururururrrrururrrrrrrrrrrrrrrurururururururerirururururururururururururrururrrrurururrurururrrurururur	6	0.09049898663658358	118	0	1.0
24	kruʋist	kruʋistestest͡st͡st͡sɛrururururrrrururrrrrrrrrrrrrrrurururururururerirururururururururururururrururrrrurururrurururrrururururr	7	0.09040839755638141	119	0	1.0
24	kruʋist	kruʋistestest͡st͡st͡sɛrururururrrrururrrrrrrrrrrrrrrurururururururerirururururururururururururrururrrrurururrurururrrurururu	8	0.09023510258296631	117	0	1.0
24	kruʋist	kruʋistestest͡st͡st͡sɛrururururrrrururrrrrrrrrrrrrrrurururururururererururururururururururururrururrrrurururrurururrrururururru	9	0.09020348875080028	120	0	1.0
24	kruʋist	kruʋistestest͡st͡st͡sɛrururururrrrururrrrrrrrrrrrrrrurururururururerurururururururururururururrururrrrurururrurururrrururururru	10	0.09013293647958563	120	0	1.0
25	kuː	kuː	1	0.16089613774861744	0	1	0.9333333373069763
25	kuː	kuːu	2	0.09942457755106965	1	0	0.9333333373069763
25	kuː	kuːe	3	0.09881261522933035	1	0	0.9333333373069763
25	kuː	kuːɑ	4	0.0967349102459053	1	0	0.9333333373069763
25	kuː	kuːt	5	0.09387901553783402	1	0	0.9333333373069763
25	kuː	kuːgɑ	6	0.09370673580682637	2	0	0.9333333373069763
25	kuː	kuːdi	7	0.09151336998691655	2	0	0.9333333373069763
25	kuː	kuːgu	8	0.0889161911431659	2	0	0.9333333373069763
25	kuː	kuːde	9	0.08807542013433808	2	0	0.9333333373069763
25	kuː	kuːi	10	0.08804102661599633	1	0	0.9333333373069763
26	kuːd	kuːt	1	0.1586017573992393	1	0	1.0
26	kuːd	kuː	2	0.11229915615725006	1	0	1.0
26	kuːd	kuːd	3	0.11040655274026073	0	1	1.0
26	kuːd	kuːst	4	0.09105926518783247	2	0	1.0
26	kuːd	kuːdu	5	0.09011064275444705	1	0	1.0
26	kuːd	kuːu	6	0.08981265958773096	1	0	1.0
26	kuːd	kuːdi	7	0.08802005641535858	1	0	1.0
26	kuːd	kuːde	8	0.08745567075712897	1	0	1.0
26	kuːd	kuːdɑ	9	0.08631982750198239	1	0	1.0
26	kuːd	kuː;t	10	0.08591441149876951	2	0	1.0
27	kuːgɑ	kuːgɑ	1	0.19655891266792055	0	1	1.0
27	kuːgɑ	kuːgu	2	0.09980577183254279	1	0	1.0
27	kuːgɑ	kuːgi	3	0.0937030122603864	1	0	1.0
27	kuːgɑ	kuːlegɑ	4	0.09300017968831449	2	0	1.0
27	kuːgɑ	kuːegɑ	5	0.09032299603136847	1	0	1.0
27	kuːgɑ	kuːgɑgɑ	6	0.0900478316094795	2	0	1.0
27	kuːgɑ	kɔːgɑ	7	0.08580456374473112	1	0	1.0
27	kuːgɑ	kuːge	8	0.0853252928888621	1	0	1.0
27	kuːgɑ	koːgɑ	9	0.08505159271400041	1	0	1.0
27	kuːgɑ	kuːgɑvi	10	0.08037984656239415	2	0	1.0
28	kuːle	kuːle	1	0.1984874216434073	0	1	0.9473684430122375
28	kuːle	kuːlːe	2	0.11600898619526623	1	0	0.9473684430122375
28	kuːle	kuːele	3	0.09057086308303254	1	0	0.9473684430122375
28	kuːle	kuːlele	4	0.0861930222225295	2	0	0.9473684430122375
28	kuːle	kuːlese	5	0.08551151288038708	2	0	0.9473684430122375
28	kuːle	koːle	6	0.08517098867434213	1	0	0.9473684430122375
28	kuːle	kɔːle	7	0.0848270074929032	1	0	0.9473684430122375
28	kuːle	kuːlege	8	0.08455531348641306	2	0	0.9473684430122375
28	kuːle	kuːleːe	9	0.08448896381832514	2	0	0.9473684430122375
28	kuːle	kutle	10	0.08418592050339384	1	0	0.9473684430122375
29	kuːs	kuːs	1	0.21290966743690806	0	1	0.7777777910232544
29	kuːs	kuːses	2	0.1067227585792005	2	0	0.7777777910232544
29	kuːs	kuːsis	3	0.09212756659557168	2	0	0.7777777910232544
29	kuːs	kuːsus	4	0.08869888459917412	2	0	0.7777777910232544
29	kuːs	kuːst	5	0.08866711289789005	1	0	0.7777777910232544
29	kuːs	kuːsas	6	0.08635336901373916	2	0	0.7777777910232544
29	kuːs	kuːsɛs	7	0.08279810132261063	2	0	0.7777777910232544
29	kuːs	kuhus	8	0.0812606165038968	2	0	0.7777777910232544
29	kuːs	kuts	9	0.08114363650992273	1	0	0.7777777910232544
29	kuːs	koːs	10	0.07931828654108627	1	0	0.7777777910232544
30	kuːst	kuːst	1	0.19091579388614613	0	1	1.0
30	kuːst	kuːsest	2	0.09832802682706832	2	0	1.0
30	kuːst	kuːstest	3	0.09711527501898305	3	0	1.0
30	kuːst	kuːst͡st	4	0.09209472966478469	3	0	1.0
30	kuːst	kuːstast	5	0.09040779618194665	3	0	1.0
30	kuːst	kuːstist	6	0.08998600447052074	3	0	1.0
30	kuːst	kuːstst	7	0.08951104103016823	2	0	1.0
30	kuːst	kuːstust	8	0.08598305539397932	3	0	1.0
30	kuːst	kuːstut	9	0.08327737048729965	2	0	1.0
30	kuːst	kuhest	10	0.08238090703910322	2	0	1.0
31	lɑmbi	lɑmbi	1	0.1264808401643118	0	1	1.0
31	lɑmbi	lɑmːpi	2	0.11573997324472382	2	0	1.0
31	lɑmbi	lɑmːbi	3	0.11295606082852516	1	0	1.0
31	lɑmbi	lɑmpi	4	0.10905495766339106	1	0	1.0
31	lɑmbi	lɑmbɑ	5	0.09714528025382772	1	0	1.0
31	lɑmbi	lɑmɑ	6	0.0960327443506691	2	0	1.0
31	lɑmbi	lɑmːbɑ	7	0.08736649499755847	2	0	1.0
31	lɑmbi	lɑmːpɑ	8	0.08632448509771021	3	0	1.0
31	lɑmbi	lɑmbu	9	0.08456358377742382	1	0	1.0
31	lɑmbi	lɑm;pi	10	0.08433557962185884	2	0	1.0
32	lɑmbigɑ	lɑmbigɑ	1	0.11099983038609453	0	1	1.0
32	lɑmbigɑ	lɑmpigɑ	2	0.10804197302339463	1	0	1.0
32	lɑmbigɑ	lɑmːpigɑ	3	0.1058473488132705	2	0	1.0
32	lɑmbigɑ	lɑmɑgɑ	4	0.10419608258540315	2	0	1.0
32	lɑmbigɑ	lɑmːbigɑ	5	0.10244985039182644	1	0	1.0
32	lɑmbigɑ	lɑmbɑgɑ	6	0.09863036414063615	1	0	1.0
32	lɑmbigɑ	lɑmːɑgɑ	7	0.09404882161880329	2	0	1.0
32	lɑmbigɑ	lɑmbɑ	8	0.09275384798991129	2	0	1.0
32	lɑmbigɑ	lɑmegɑ	9	0.09215136009681098	2	0	1.0
32	lɑmbigɑ	lɑmpɑgɑ	10	0.09088052095384902	2	0	1.0
33	lɑmbile	lɑmbile	1	0.10992004567901557	0	1	1.0
33	lɑmbile	lɑmpile	2	0.10527664573354735	1	0	1.0
33	lɑmbile	lɑmɑle	3	0.1043260635279119	2	0	1.0
33	lɑmbile	lɑmbɑle	4	0.10378420785843559	1	0	1.0
33	lɑmbile	lɑmːpile	5	0.10068597897579737	2	0	1.0
33	lɑmbile	lɑmːbile	6	0.09992828455351625	1	0	1.0
33	lɑmbile	lɑmbilːe	7	0.09727933060854606	1	0	1.0
33	lɑmbile	lɑmpilːe	8	0.09331751028086059	2	0	1.0
33	lɑmbile	lɑmele	9	0.0931860952927967	2	0	1.0
33	lɑmbile	lɑmːɑle	10	0.09229583748957264	2	0	1.0
34	lɑmbis	lɑmbis	1	0.11415130096889765	0	1	0.8888888955116272
34	lɑmbis	lɑmpis	2	0.11238254300824083	1	0	0.8888888955116272
34	lɑmbis	lɑmːpis	3	0.10697407124000392	2	0	0.8888888955116272
34	lɑmbis	lɑmɑs	4	0.10680254190339881	2	0	0.8888888955116272
34	lɑmbis	lɑmːbis	5	0.10267634907919086	1	0	0.8888888955116272
34	lɑmbis	lɑmːɑs	6	0.09424912305343479	2	0	0.8888888955116272
34	lɑmbis	lɑmes	7	0.09398667079559256	2	0	0.8888888955116272
34	lɑmbis	lɑmbɑs	8	0.09362849460744736	1	0	0.8888888955116272
34	lɑmbis	lɑmpɑs	9	0.08919471481221955	2	0	0.8888888955116272
34	lɑmbis	lɑmis	10	0.08595419053157365	1	0	0.8888888955116272
35	lɑmbist	lɑmbist	1	0.11295714449749897	0	1	1.0
35	lɑmbist	lɑmpist	2	0.11069728028539222	1	0	1.0
35	lɑmbist	lɑmɑst	3	0.10654547462809898	2	0	1.0
35	lɑmbist	lɑmːpist	4	0.1034847355839125	2	0	1.0
35	lɑmbist	lɑmːbist	5	0.10106742058313666	1	0	1.0
35	lɑmbist	lɑmbɑst	6	0.09655253885552798	1	0	1.0
35	lɑmbist	lɑmest	7	0.09618892797731131	2	0	1.0
35	lɑmbist	lɑmːɑst	8	0.09439709588613479	2	0	1.0
35	lɑmbist	lɑmpɑst	9	0.0898779607644367	2	0	1.0
35	lɑmbist	lɑmist	10	0.08823142093854992	1	0	1.0
36	lɑm;pi	lɑm;pi	1	0.17017635894623045	0	1	1.0
36	lɑm;pi	lɑm;pɑ	2	0.13051223687423305	1	0	1.0
36	lɑm;pi	lɑm;pu	3	0.11569598773394316	1	0	1.0
36	lɑm;pi	lɑm;pe	4	0.08883443819540256	1	0	1.0
36	lɑm;pi	lɑm;pjɑ	5	0.08449168010075947	2	0	1.0
36	lɑm;pi	lɑm;pigɑ	6	0.08269153502604445	2	0	1.0
36	lɑm;pi	lɑm;pist	7	0.0820558169795914	2	0	1.0
36	lɑm;pi	lɑm;;pi	8	0.08199383402048875	1	0	1.0
36	lɑm;pi	lɑm;bi	9	0.08182803661294626	1	0	1.0
36	lɑm;pi	lɑm;pji	10	0.08172007551036044	1	0	1.0
37	mɑdrɑtsi	mɑdrɑtsi	1	0.13441245062653523	0	1	0.9411764740943909
37	mɑdrɑtsi	mɑdrɑtsu	2	0.12518862987095228	1	0	0.9411764740943909
37	mɑdrɑtsi	mɑdrɑtse	3	0.12129722515034275	1	0	0.9411764740943909
37	mɑdrɑtsi	mɑdrɑtsa	4	0.10086762463652119	1	0	0.9411764740943909
37	mɑdrɑtsi	mɑdrɑtsɑ	5	0.0948194805399904	1	0	0.9411764740943909
37	mɑdrɑtsi	mɑdrɑtsɨ	6	0.0905887161242481	1	0	0.9411764740943909
37	mɑdrɑtsi	mɑdrɑtsːi	7	0.08493961627856002	1	0	0.9411764740943909
37	mɑdrɑtsi	mɑdrɑtksi	8	0.08347356682416364	1	0	0.9411764740943909
37	mɑdrɑtsi	mɑdrɑts	9	0.08346426820749434	1	0	0.9411764740943909
37	mɑdrɑtsi	mɑdrɑtːsi	10	0.08094842174119207	1	0	0.9411764740943909
38	mɑdrɑtsigɑ	mɑdrɑtsigɑ	1	0.13108535773305016	0	1	0.9473684430122375
38	mɑdrɑtsigɑ	mɑdrɑtsegɑ	2	0.12923171722241228	1	0	0.9473684430122375
38	mɑdrɑtsigɑ	mɑdrɑtsugɑ	3	0.1033852745241947	1	0	0.9473684430122375
38	mɑdrɑtsigɑ	mɑdrɑtsɑ	4	0.10262117477816106	2	0	0.9473684430122375
38	mɑdrɑtsigɑ	mɑdrɑtsːɑ	5	0.09471938812878782	2	0	0.9473684430122375
38	mɑdrɑtsigɑ	mɑdrɑtksegɑ	6	0.09186298542092687	2	0	0.9473684430122375
38	mɑdrɑtsigɑ	mɑdrɑtsgɑ	7	0.09051370789913246	1	0	0.9473684430122375
38	mɑdrɑtsigɑ	mɑdrɑdsegɑ	8	0.08899835149813588	2	0	0.9473684430122375
38	mɑdrɑtsigɑ	mɑdrɑtksigɑ	9	0.0842401017672504	1	0	0.9473684430122375
38	mɑdrɑtsigɑ	mɑdrɑtigɑ	10	0.08334194102794834	1	0	0.9473684430122375
39	mɑdrɑtsile	mɑdrɑtse	1	0.12869649572327804	2	0	1.0
39	mɑdrɑtsile	mɑdrɑtsele	2	0.11894995380926952	1	0	1.0
39	mɑdrɑtsile	mɑdrɑtsile	3	0.1085214077248349	0	1	1.0
39	mɑdrɑtsile	mɑdrɑtselːe	4	0.10149267515008198	2	0	1.0
39	mɑdrɑtsile	mɑdrɑtsilːe	5	0.09340177754604011	1	0	1.0
39	mɑdrɑtsile	mɑdrɑtsːe	6	0.09257210938231604	2	0	1.0
39	mɑdrɑtsile	mɑdrɑdsele	7	0.09170092690437708	2	0	1.0
39	mɑdrɑtsile	mɑdrɑtsle	8	0.08926898162455335	1	0	1.0
39	mɑdrɑtsile	mɑdrɑtsule	9	0.08893047708057777	1	0	1.0
39	mɑdrɑtsile	mɑdrɑtkse	10	0.08646519505467122	3	0	1.0
40	mɑdrɑtsis	mɑdrɑtsis	1	0.13506720776641395	0	1	0.9166666865348816
40	mɑdrɑtsis	mɑdrɑtses	2	0.11669648599070033	1	0	0.9166666865348816
40	mɑdrɑtsis	mɑdrɑtsus	3	0.11466796549275966	1	0	0.9166666865348816
40	mɑdrɑtsis	mɑdrɑtsɑ	4	0.09496217274482456	2	0	0.9166666865348816
40	mɑdrɑtsis	mɑdrɑtsises	5	0.09439739239663884	2	0	0.9166666865348816
40	mɑdrɑtsis	mɑdrɑts	6	0.09167512059577511	2	0	0.9166666865348816
40	mɑdrɑtsis	mɑdrɑtsist	7	0.08982535566900807	1	0	0.9166666865348816
40	mɑdrɑtsis	mɑdrɑtsːis	8	0.08833639556721362	1	0	0.9166666865348816
40	mɑdrɑtsis	mɑdrɑtst	9	0.08763657423138942	2	0	0.9166666865348816
40	mɑdrɑtsis	mɑdrɑtːsis	10	0.08673532954527642	1	0	0.9166666865348816
41	mɑdrɑtsist	mɑdrɑtst	1	0.143149367343104	2	0	0.9411764740943909
41	mɑdrɑtsist	mɑdrɑtsest	2	0.11784237601419313	1	0	0.9411764740943909
41	mɑdrɑtsist	mɑdrɑtsist	3	0.111310515644191	0	1	0.9411764740943909
41	mɑdrɑtsist	mɑdrɑtsust	4	0.09719735280152478	1	0	0.9411764740943909
41	mɑdrɑtsist	mɑdrɑtkst	5	0.0895811971170482	2	0	0.9411764740943909
41	mɑdrɑtsist	mɑdrɑtstist	6	0.08904922280557355	1	0	0.9411764740943909
41	mɑdrɑtsist	mɑdrɑtsst	7	0.08863203960870317	1	0	0.9411764740943909
41	mɑdrɑtsist	mɑdrɑtstest	8	0.08847342485081404	2	0	0.9411764740943909
41	mɑdrɑtsist	mɑdrɑdst	9	0.08742265909525283	3	0	0.9411764740943909
41	mɑdrɑtsist	mɑdrɑtːst	10	0.08734184471959532	2	0	0.9411764740943909
42	mɑdrɑtsit	mɑdrɑtsit	1	0.12146575186115843	0	1	0.8999999761581421
42	mɑdrɑtsit	mɑdrɑtst	2	0.1180488402609119	1	0	0.8999999761581421
42	mɑdrɑtsit	mɑdrɑtsut	3	0.10655875770727209	1	0	0.8999999761581421
42	mɑdrɑtsit	mɑdrɑtsi	4	0.10418854053802677	1	0	0.8999999761581421
42	mɑdrɑtsit	mɑdrɑtsu	5	0.09918142618354221	2	0	0.8999999761581421
42	mɑdrɑtsit	mɑdrɑtsist	6	0.09576027791801696	1	0	0.8999999761581421
42	mɑdrɑtsit	mɑdrɑtset	7	0.09368496877877376	1	0	0.8999999761581421
42	mɑdrɑtsit	mɑdrɑtsɑ	8	0.09238280178934737	2	0	0.8999999761581421
42	mɑdrɑtsit	mɑdrɑtsust	9	0.08714043756361105	2	0	0.8999999761581421
42	mɑdrɑtsit	mɑdrɑtsid	10	0.08158819739933944	1	0	0.8999999761581421
43	mɑjɑ	mɑjɑ	1	0.2215126331616899	0	1	1.0
43	mɑjɑ	mɑjːɑ	2	0.10024547665162035	1	0	1.0
43	mɑjɑ	mɑɑjɑ	3	0.08790477212253346	1	0	1.0
43	mɑjɑ	mɑjdɑ	4	0.08583485993777241	1	0	1.0
43	mɑjɑ	mɑjɑs	5	0.0856623282781417	1	0	1.0
43	mɑjɑ	mɑiɑ	6	0.08522756232443529	1	0	1.0
43	mɑjɑ	mɑsjɑ	7	0.08479227441026246	1	0	1.0
43	mɑjɑ	mɑjjɑ	8	0.08418413623721316	1	0	1.0
43	mɑjɑ	mɑj;ɑ	9	0.08384934943830377	1	0	1.0
43	mɑjɑ	mɑjɑː	10	0.08078660743802749	1	0	1.0
44	mɑjɑ	mɑjɑ	1	0.1729858031672668	0	1	0.9047619104385376
44	mɑjɑ	mɑjɑt	2	0.13180482644182712	1	0	0.9047619104385376
44	mɑjɑ	mɑjɑst	3	0.11024045873365362	2	0	0.9047619104385376
44	mɑjɑ	mɑjɑd	4	0.09985389449417559	1	0	0.9047619104385376
44	mɑjɑ	mɑjɑː	5	0.08464951651529509	1	0	0.9047619104385376
44	mɑjɑ	mɑjɑgɑ	6	0.08293141931702697	2	0	0.9047619104385376
44	mɑjɑ	mɑjɑlt	7	0.08189962232711526	2	0	0.9047619104385376
44	mɑjɑ	mɑjɑ;t	8	0.080883211855772	2	0	0.9047619104385376
44	mɑjɑ	mɑjɑɑ	9	0.0775608875773893	1	0	0.9047619104385376
44	mɑjɑ	mɑj;ɑ	10	0.07719035957047822	1	0	0.9047619104385376
45	mɑjɑgɑ	mɑjɑgɑ	1	0.18799594558974692	0	1	1.0
45	mɑjɑgɑ	mɑjːɑgɑ	2	0.09851504265630785	1	0	1.0
45	mɑjɑgɑ	mɑjɑgɑgɑ	3	0.09173935176766064	2	0	1.0
45	mɑjɑgɑ	mɑjɑgjɑ	4	0.09164662584188955	1	0	1.0
45	mɑjɑgɑ	mɑɑjɑgɑ	5	0.09145330477064872	1	0	1.0
45	mɑjɑgɑ	mɑjɑːgɑ	6	0.0901313504782336	1	0	1.0
45	mɑjɑgɑ	mɑiɑgɑ	7	0.08963406285936139	1	0	1.0
45	mɑjɑgɑ	mɑjdɑgɑ	8	0.08934199484742321	1	0	1.0
45	mɑjɑgɑ	mɑjɑgu	9	0.08721536548774562	1	0	1.0
45	mɑjɑgɑ	mɑːɑgɑ	10	0.08232695570098249	1	0	1.0
46	mɑjɑle	mɑjɑle	1	0.17057879991868855	0	1	1.0
46	mɑjɑle	mɑjɑlːe	2	0.1396131549421959	1	0	1.0
46	mɑjɑle	mɑjɑlte	3	0.09361056561730496	1	0	1.0
46	mɑjɑle	mɑjːɑle	4	0.09228177680352401	1	0	1.0
46	mɑjɑle	mɑjɑl;e	5	0.08965731431378361	1	0	1.0
46	mɑjɑle	mɑjɑlde	6	0.08494873236987478	1	0	1.0
46	mɑjɑle	mɑjɑli	7	0.08353016225427591	1	0	1.0
46	mɑjɑle	mɑjdɑle	8	0.08342168915496055	1	0	1.0
46	mɑjɑle	mɑiɑle	9	0.08195189223101516	1	0	1.0
46	mɑjɑle	mɑjɑlɛ	10	0.08040591239437657	1	0	1.0
47	mɑjɑs	mɑjɑs	1	0.19555494023375072	0	1	1.0
47	mɑjɑs	mɑjɑses	2	0.0990633222239195	2	0	1.0
47	mɑjɑs	mɑjːɑs	3	0.09757869561079213	1	0	1.0
47	mɑjɑs	mɑjɑːs	4	0.09164538482229595	1	0	1.0
47	mɑjɑs	mɑjɑst	5	0.09143035368738398	1	0	1.0
47	mɑjɑs	mɑsjɑs	6	0.08639700484857094	1	0	1.0
47	mɑjɑs	mɑɑjɑs	7	0.08621912659763903	1	0	1.0
47	mɑjɑs	mɑjdɑs	8	0.08573961284674024	1	0	1.0
47	mɑjɑs	mɑiɑs	9	0.08472888579750534	1	0	1.0
47	mɑjɑs	mɑjɑsas	10	0.08164267333140218	2	0	1.0
48	mɑjɑst	mɑjɑst	1	0.17937172181963884	0	1	1.0
48	mɑjɑst	mɑjɑstest	2	0.09697937370311223	3	0	1.0
48	mɑjɑst	mɑjɑsest	3	0.09593813212260575	2	0	1.0
48	mɑjɑst	mɑjːɑst	4	0.09501287505948124	1	0	1.0
48	mɑjɑst	mɑjɑstist	5	0.09240905332799129	3	0	1.0
48	mɑjɑst	mɑjɑstast	6	0.08996667735446899	3	0	1.0
48	mɑjɑst	mɑjɑstst	7	0.08974492709922689	2	0	1.0
48	mɑjɑst	mɑɑjɑst	8	0.08733555257828354	1	0	1.0
48	mɑjɑst	mɑsjɑst	9	0.08682916137002393	1	0	1.0
48	mɑjɑst	mɑiɑst	10	0.08641252556516728	1	0	1.0
49	mɑsinɑ	mɑsinɑ	1	0.14948542060965378	0	1	1.0
49	mɑsinɑ	mɑsini	2	0.14570115543866508	1	0	1.0
49	mɑsinɑ	mɑsinu	3	0.12907683546700618	1	0	1.0
49	mɑsinɑ	mɑsine	4	0.1101144592832	1	0	1.0
49	mɑsinɑ	mɑsina	5	0.085085808477544	1	0	1.0
49	mɑsinɑ	mɑsin	6	0.07927022033612129	1	0	1.0
49	mɑsinɑ	mɑsinjɑ	7	0.07760744912188167	1	0	1.0
49	mɑsinɑ	mɑsiɲi	8	0.07686496370278584	2	0	1.0
49	mɑsinɑ	mɑsindi	9	0.07370006840489494	2	0	1.0
49	mɑsinɑ	mɑsinːi	10	0.0730936191582472	2	0	1.0
50	mɑsinɑgɑ	mɑsinɑ	1	0.13775046850753836	2	0	1.0
50	mɑsinɑgɑ	mɑsinigɑ	2	0.12168518375399251	1	0	1.0
50	mɑsinɑgɑ	mɑsinɑgɑ	3	0.12108162593608626	0	1	1.0
50	mɑsinɑgɑ	mɑsinegɑ	4	0.1065080235247554	1	0	1.0
50	mɑsinɑgɑ	mɑsinugɑ	5	0.09737124258425983	1	0	1.0
50	mɑsinɑgɑ	mɑsinɑsegɑ	6	0.08842943156692103	2	0	1.0
50	mɑsinɑgɑ	mɑsinɑːgɑ	7	0.08515485938886881	1	0	1.0
50	mɑsinɑgɑ	mɑsinɑlegɑ	8	0.08151786176128108	2	0	1.0
50	mɑsinɑgɑ	mɑsingɑ	9	0.08071973785187332	1	0	1.0
50	mɑsinɑgɑ	mɑsisegɑ	10	0.0797815651244234	2	0	1.0
51	mɑsinɑle	mɑsinɑle	1	0.12119533520690788	0	1	0.8999999761581421
51	mɑsinɑle	mɑsinele	2	0.11542172923581155	1	0	0.8999999761581421
51	mɑsinɑle	mɑsinile	3	0.11272588308245665	1	0	0.8999999761581421
51	mɑsinɑle	mɑsinelːe	4	0.09964181572686678	2	0	0.8999999761581421
51	mɑsinɑle	mɑsinilːe	5	0.09928847542948849	2	0	0.8999999761581421
51	mɑsinɑle	mɑsinɑlːe	6	0.09860413835184803	1	0	0.8999999761581421
51	mɑsinɑle	mɑsinule	7	0.09632372525338206	1	0	0.8999999761581421
51	mɑsinɑle	mɑsinle	8	0.09309951870006718	1	0	0.8999999761581421
51	mɑsinɑle	mɑsinulːe	9	0.08246779019471992	2	0	0.8999999761581421
51	mɑsinɑle	mɑsiɲe	10	0.08123158881845144	3	0	0.8999999761581421
52	mɑsinɑs	mɑsinɑs	1	0.1452220866913735	0	1	1.0
52	mɑsinɑs	mɑsinis	2	0.13526278350442858	1	0	1.0
52	mɑsinɑs	mɑsinus	3	0.11602868788028595	1	0	1.0
52	mɑsinɑs	mɑsines	4	0.10479511653967677	1	0	1.0
52	mɑsinɑs	mɑsinɑses	5	0.08813132501139789	2	0	1.0
52	mɑsinɑs	mɑsinjɑs	6	0.08480601587410769	1	0	1.0
52	mɑsinɑs	mɑsinɑst	7	0.0838552522957498	1	0	1.0
52	mɑsinɑs	mɑsinises	8	0.08176029683534008	3	0	1.0
52	mɑsinɑs	mɑsiɲis	9	0.08121104381078614	2	0	1.0
52	mɑsinɑs	mɑsinɑsis	10	0.07892739155685359	2	0	1.0
53	mɑsinɑst	mɑsinɑst	1	0.14080109159906412	0	1	1.0
53	mɑsinɑst	mɑsinist	2	0.12935866018267897	1	0	1.0
53	mɑsinɑst	mɑsinest	3	0.10953553949960114	1	0	1.0
53	mɑsinɑst	mɑsinust	4	0.10748800306087242	1	0	1.0
53	mɑsinɑst	mɑsinst	5	0.09255076699924084	1	0	1.0
53	mɑsinɑst	mɑsinɑstest	6	0.08575733635100913	3	0	1.0
53	mɑsinɑst	mɑsinɑsest	7	0.08532533383980653	2	0	1.0
53	mɑsinɑst	mɑsinjɑst	8	0.08338876054924511	1	0	1.0
53	mɑsinɑst	mɑsinɑstist	9	0.08328169307006149	3	0	1.0
53	mɑsinɑst	mɑsist	10	0.08251281484842024	2	0	1.0
54	mɑsinɑt	mɑsinɑ	1	0.11530305371149839	1	0	1.0
54	mɑsinɑt	mɑsinit	2	0.11100374648319676	1	0	1.0
54	mɑsinɑt	mɑsinut	3	0.10893730920726424	1	0	1.0
54	mɑsinɑt	mɑsinɑt	4	0.10884841931498511	0	1	1.0
54	mɑsinɑt	mɑsint	5	0.10700156163838426	1	0	1.0
54	mɑsinɑt	mɑsinɑst	6	0.0948458520212426	1	0	1.0
54	mɑsinɑt	mɑsinu	7	0.09170465743611292	2	0	1.0
54	mɑsinɑt	mɑsini	8	0.08941105897413044	2	0	1.0
54	mɑsinɑt	mɑsinist	9	0.08658487089315978	2	0	1.0
54	mɑsinɑt	mɑsinust	10	0.08635947032002551	2	0	1.0
55	noɑ	nugɑ	1	0.2237001134289437	2	0	1.0
55	noɑ	nugːɑ	2	0.09737261858029518	3	0	1.0
55	noɑ	nɑugɑ	3	0.09042060151555766	3	0	1.0
55	noɑ	nɔgɑ	4	0.09006143005176467	2	0	1.0
55	noɑ	nugɑgɑ	5	0.08848556148990341	4	0	1.0
55	noɑ	nugɑs	6	0.0834644503787847	3	0	1.0
55	noɑ	nuːɑ	7	0.08307476617801501	2	0	1.0
55	noɑ	nuɑ	8	0.08298348121321955	1	0	1.0
55	noɑ	nudɑ	9	0.08119369495699542	2	0	1.0
55	noɑ	nugɑl	10	0.0792432822065207	3	0	1.0
56	noɑgɑ	nugɑgɑ	1	0.16766161261106072	2	0	0.4000000059604645
56	noɑgɑ	nugɑ	2	0.12370438163909249	2	0	0.4000000059604645
56	noɑgɑ	nugɑlegɑ	3	0.09753778396870547	4	0	0.4000000059604645
56	noɑgɑ	nugɑsegɑ	4	0.09302579383658843	4	0	0.4000000059604645
56	noɑgɑ	nuɑgɑ	5	0.0876061590676627	1	0	0.4000000059604645
56	noɑgɑ	nugɑl	6	0.08732315178432258	3	0	0.4000000059604645
56	noɑgɑ	nuːɑgɑ	7	0.08727663169846313	2	0	0.4000000059604645
56	noɑgɑ	nugɑːgɑ	8	0.08705066194822138	3	0	0.4000000059604645
56	noɑgɑ	nɔgɑgɑ	9	0.08446917374660627	2	0	0.4000000059604645
56	noɑgɑ	nudɑgɑ	10	0.08434464969927685	2	0	0.4000000059604645
57	noɑle	nugɑle	1	0.16854941465613726	2	0	0.5714285969734192
57	noɑle	nugɑlːe	2	0.13654916065677314	3	0	0.5714285969734192
57	noɑle	nugɑlte	3	0.09151879826782588	3	0	0.5714285969734192
57	noɑle	nuɑle	4	0.09017977117861778	1	0	0.5714285969734192
57	noɑle	nuːɑle	5	0.08982702471594896	2	0	0.5714285969734192
57	noɑle	nugɑl;e	6	0.08792246665195713	3	0	0.5714285969734192
57	noɑle	nudɑle	7	0.08754340588887181	2	0	0.5714285969734192
57	noɑle	nɔgɑle	8	0.08395682889357378	2	0	0.5714285969734192
57	noɑle	nueɑle	9	0.08261808095927402	2	0	0.5714285969734192
57	noɑle	nugɑlɛ	10	0.08133504813102023	3	0	0.5714285969734192
58	noɑs	nugɑs	1	0.19003300971414355	2	0	0.5
58	noɑs	nugɑses	2	0.09666113963036888	4	0	0.5
58	noɑs	nuɑs	3	0.09435266169254217	1	0	0.5
58	noɑs	nudɑs	4	0.09201039716495202	2	0	0.5
58	noɑs	nugːɑs	5	0.09070455626782999	3	0	0.5
58	noɑs	nugɑːs	6	0.0903403217724152	3	0	0.5
58	noɑs	nugɑst	7	0.08913274154643795	3	0	0.5
58	noɑs	nuːɑs	8	0.0890313175773744	2	0	0.5
58	noɑs	nɔgɑs	9	0.08488240139415294	2	0	0.5
58	noɑs	nugɑsis	10	0.08285145323978291	4	0	0.5
59	noɑst	nugɑst	1	0.17374179765811978	2	0	0.5882353186607361
59	noɑst	nuɑst	2	0.09820397234487008	1	0	0.5882353186607361
59	noɑst	nugɑstest	3	0.0942883822384366	5	0	0.5882353186607361
59	noɑst	nudɑst	4	0.09374533851018307	2	0	0.5882353186607361
59	noɑst	nugɑsest	5	0.09296546989700219	4	0	0.5882353186607361
59	noɑst	nuːɑst	6	0.09285082318356461	2	0	0.5882353186607361
59	noɑst	nugɑstist	7	0.08946029091547529	5	0	0.5882353186607361
59	noɑst	nugɑst͡st	8	0.08878704150555596	5	0	0.5882353186607361
59	noɑst	nugɑstust	9	0.0885498859192127	5	0	0.5882353186607361
59	noɑst	nugːɑst	10	0.08740699782757973	3	0	0.5882353186607361
60	nugɑ	nugɑ	1	0.18013027208777904	0	1	0.8333333134651184
60	nugɑ	nugɑt	2	0.125822725655682	1	0	0.8333333134651184
60	nugɑ	nugɑst	3	0.10856024594274631	2	0	0.8333333134651184
60	nugɑ	nugɑd	4	0.10145641452805135	1	0	0.8333333134651184
60	nugɑ	nugɑlt	5	0.08505189415229325	2	0	0.8333333134651184
60	nugɑ	nugɑgɑ	6	0.08281332387123455	2	0	0.8333333134651184
60	nugɑ	nugɑː	7	0.08179248033380916	1	0	0.8333333134651184
60	nugɑ	nugɑl	8	0.07952531460110188	1	0	0.8333333134651184
60	nugɑ	nugːɑ	9	0.07925497911751642	1	0	0.8333333134651184
60	nugɑ	nugɑj	10	0.07559234970978602	1	0	0.8333333134651184
61	pæikesele	pæikele	1	0.15691308700492065	2	0	0.8947368264198303
61	pæikesele	pæikelːe	2	0.12002157770241827	3	0	0.8947368264198303
61	pæikesele	pæikeːle	3	0.1040583094071516	2	0	0.8947368264198303
61	pæikesele	pæikese	4	0.09321487678593984	2	0	0.8947368264198303
61	pæikesele	pæikːele	5	0.09098238905593564	2	0	0.8947368264198303
61	pæikesele	pæikelte	6	0.08931588070551946	3	0	0.8947368264198303
61	pæikesele	pæikdele	7	0.08865026179574013	2	0	0.8947368264198303
61	pæikesele	pæiksele	8	0.08814425290366838	1	0	0.8947368264198303
61	pæikesele	pæigele	9	0.08536450164451917	3	0	0.8947368264198303
61	pæikesele	pæitele	10	0.08333486299418685	3	0	0.8947368264198303
62	pæikesegɑ	pæikegɑ	1	0.16388412052062623	2	0	0.8500000238418579
62	pæikesegɑ	pæikesegɑ	2	0.1030951779470002	0	1	0.8500000238418579
62	pæikesegɑ	pæikeːgɑ	3	0.10227294045229741	2	0	0.8500000238418579
62	pæikesegɑ	pæikege	4	0.0960370895192572	3	0	0.8500000238418579
62	pæikesegɑ	pæikːegɑ	5	0.09559827940978317	2	0	0.8500000238418579
62	pæikesegɑ	pæiksegɑ	6	0.09291560754888797	1	0	0.8500000238418579
62	pæikesegɑ	pæigegɑ	7	0.0893813797054687	3	0	0.8500000238418579
62	pæikesegɑ	pæikegu	8	0.08672283766530615	3	0	0.8500000238418579
62	pæikesegɑ	pæitegɑ	9	0.08578502890812974	3	0	0.8500000238418579
62	pæikesegɑ	pæikegɑgɑ	10	0.08430753832324324	2	0	0.8500000238418579
63	pæikesest	pæikest	1	0.15420402037803962	2	0	0.7647058963775635
63	pæikesest	pæikeːst	2	0.1084772801086692	2	0	0.7647058963775635
63	pæikesest	pæiket	3	0.10168154956304039	3	0	0.7647058963775635
63	pæikesest	pæikekst	4	0.09885930354091424	2	0	0.7647058963775635
63	pæikesest	pæikesest	5	0.09353775488082103	0	1	0.7647058963775635
63	pæikesest	pæikedest	6	0.0912094014339054	1	0	0.7647058963775635
63	pæikesest	pæikːest	7	0.09095399719646007	2	0	0.7647058963775635
63	pæikesest	pæikestest	8	0.09025875084763783	1	0	0.7647058963775635
63	pæikesest	pæikestist	9	0.08554213467242672	2	0	0.7647058963775635
63	pæikesest	pæikestst	10	0.08527580737808552	1	0	0.7647058963775635
64	pæikese	pæike	1	0.1519018616898232	2	0	1.0
64	pæikese	pæikese	2	0.11654889268435323	0	1	1.0
64	pæikese	pæiket	3	0.0972454777222177	2	0	1.0
64	pæikese	pæikesːe	4	0.09468125836041862	1	0	1.0
64	pæikese	pæikekse	5	0.09384273423810122	1	0	1.0
64	pæikese	pæikeː	6	0.09282576707481309	2	0	1.0
64	pæikese	pæikes	7	0.09165376413790026	1	0	1.0
64	pæikese	pæikele	8	0.08962131506850214	1	0	1.0
64	pæikese	pæikest	9	0.0859443294554265	1	0	1.0
64	pæikese	pæikede	10	0.08573459956844406	1	0	1.0
65	pæikeses	pæikes	1	0.15424349560922834	2	0	0.8888888955116272
65	pæikeses	pæikeses	2	0.11429804481314987	0	1	0.8888888955116272
65	pæikeses	pæikest	3	0.1049608602555533	2	0	0.8888888955116272
65	pæikeses	pæikeːs	4	0.09823382474089905	2	0	0.8888888955116272
65	pæikeses	pæikesː	5	0.09029195998916092	2	0	0.8888888955116272
65	pæikeses	pæikesis	6	0.08962932849049127	1	0	0.8888888955116272
65	pæikeses	pæik;es	7	0.08937209663456563	2	0	0.8888888955116272
65	pæikeses	pæikːes	8	0.08682341971618514	2	0	0.8888888955116272
65	pæikeses	pæikesːe	9	0.08635639361748232	2	0	0.8888888955116272
65	pæikeses	pæikeks	10	0.08579057613328414	2	0	0.8888888955116272
66	pæikest	pæiket	1	0.14871371795786292	1	0	1.0
66	pæikest	pæikest	2	0.1052056822248503	0	1	1.0
66	pæikest	pæiketst	3	0.09835467953740494	1	0	1.0
66	pæikest	pæiketː	4	0.09682637045769253	2	0	1.0
66	pæikest	pæiketet	5	0.09575156048265548	2	0	1.0
66	pæikest	pæiketːet	6	0.09258475570901709	3	0	1.0
66	pæikest	pæik;et	7	0.09252880288278977	2	0	1.0
66	pæikest	pæikett	8	0.0914237509143485	1	0	1.0
66	pæikest	pæiketːt	9	0.08946140336396165	2	0	1.0
66	pæikest	pæiketut	10	0.08914927646941684	2	0	1.0
67	pɑtɑrei	pɑtɑrei	1	0.17391724782926113	0	1	0.9375
67	pɑtɑrei	pɑtɑreːi	2	0.09634967467144888	1	0	0.9375
67	pɑtɑrei	pɑtɑrti	3	0.09466998281991709	1	0	0.9375
67	pɑtɑrei	pɑtɑreji	4	0.09291758358208228	1	0	0.9375
67	pɑtɑrei	pɑtɑreise	5	0.09142321566150349	2	0	0.9375
67	pɑtɑrei	pɑtɑreini	6	0.09047425502935702	2	0	0.9375
67	pɑtɑrei	pɑtɑrre	7	0.09030480466850706	2	0	0.9375
67	pɑtɑrei	pɑtɑsei	8	0.09008933167974349	1	0	0.9375
67	pɑtɑrei	pɑtɑreki	9	0.0899380769348934	1	0	0.9375
67	pɑtɑrei	pɑtɑri	10	0.08991582712328614	1	0	0.9375
68	pɑtɑreid	pɑtɑreit	1	0.15045491857431478	1	0	0.800000011920929
68	pɑtɑreid	pɑtɑreist	2	0.1104175298566481	2	0	0.800000011920929
68	pɑtɑreid	pɑtɑreiɑ	3	0.1000281199007462	1	0	0.800000011920929
68	pɑtɑreid	pɑtɑreid	4	0.09708182080406216	0	1	0.800000011920929
68	pɑtɑreid	pɑtɑr;eit	5	0.09543453652641731	2	0	0.800000011920929
68	pɑtɑreid	pɑtɑrei	6	0.09197917074415501	1	0	0.800000011920929
68	pɑtɑreid	pɑtɑreilt	7	0.09088876454874695	2	0	0.800000011920929
68	pɑtɑreid	pɑtɑrtit	8	0.08968725920052527	2	0	0.800000011920929
68	pɑtɑreid	pɑtɑrreit	9	0.08833643547012356	2	0	0.800000011920929
68	pɑtɑreid	pɑtɑreitst	10	0.08569144437426067	3	0	0.800000011920929
69	pɑtɑreigɑ	pɑtɑreigɑ	1	0.15922907197984565	0	1	0.949999988079071
69	pɑtɑreigɑ	pɑtɑreːigɑ	2	0.09747869709031455	1	0	0.949999988079071
69	pɑtɑreigɑ	pɑtɑreigi	3	0.09568275992200719	1	0	0.949999988079071
69	pɑtɑreigɑ	pɑtɑrtigɑ	4	0.09394480634555538	1	0	0.949999988079071
69	pɑtɑreigɑ	pɑtɑregɑ	5	0.09374849102882793	1	0	0.949999988079071
69	pɑtɑreigɑ	pɑːɑreigɑ	6	0.09291183432598141	1	0	0.949999988079071
69	pɑtɑreigɑ	pɑtɑrregɑ	7	0.0925252249151467	2	0	0.949999988079071
69	pɑtɑreigɑ	pɑtɑreigu	8	0.09223205197675761	1	0	0.949999988079071
69	pɑtɑreigɑ	pɑtɑreegɑ	9	0.09137495635102336	1	0	0.949999988079071
69	pɑtɑreigɑ	pɑtɑreigjɑ	10	0.09087210606454023	1	0	0.949999988079071
70	pɑtɑreile	pɑtɑreile	1	0.1494522915766523	0	1	0.8500000238418579
70	pɑtɑreile	pɑtɑreilːe	2	0.13156999657344	1	0	0.8500000238418579
70	pɑtɑreile	pɑtɑreilte	3	0.09692941066601525	1	0	0.8500000238418579
70	pɑtɑreile	pɑtɑreil;e	4	0.09268614154013642	1	0	0.8500000238418579
70	pɑtɑreile	pɑtɑreili	5	0.09046275510595932	1	0	0.8500000238418579
70	pɑtɑreile	pɑtɑreːle	6	0.08832807063400303	1	0	0.8500000238418579
70	pɑtɑreile	pɑtɑreil	7	0.08809886932875394	1	0	0.8500000238418579
70	pɑtɑreile	pɑtɑrele	8	0.08809832675189158	1	0	0.8500000238418579
70	pɑtɑreile	pɑtɑseile	9	0.08744381066997418	1	0	0.8500000238418579
70	pɑtɑreile	pɑdɑreile	10	0.08693032715317395	1	0	0.8500000238418579
71	pɑtɑreis	pɑtɑreis	1	0.15661696922229723	0	1	0.9090909361839294
71	pɑtɑreis	pɑtɑreises	2	0.10102874371453542	2	0	0.9090909361839294
71	pɑtɑreis	pɑtɑreist	3	0.09794948119488092	1	0	0.9090909361839294
71	pɑtɑreis	pɑtɑr;eis	4	0.09641617143800091	1	0	0.9090909361839294
71	pɑtɑreis	pɑtɑrseis	5	0.09374546441822058	1	0	0.9090909361839294
71	pɑtɑreis	pɑtɑreːis	6	0.09275747483918681	1	0	0.9090909361839294
71	pɑtɑreis	pɑtɑrtis	7	0.09271482280402264	1	0	0.9090909361839294
71	pɑtɑreis	pɑtɑrreis	8	0.09115793659382837	1	0	0.9090909361839294
71	pɑtɑreis	pɑtɑreisis	9	0.08961807835872342	2	0	0.9090909361839294
71	pɑtɑreis	pɑtɑseis	10	0.08799485741630371	1	0	0.9090909361839294
72	pɑtɑreist	pɑtɑreist	1	0.1542023378208943	0	1	1.0
72	pɑtɑreist	pɑtɑreisest	2	0.09677955803436118	2	0	1.0
72	pɑtɑreist	pɑtɑreistest	3	0.09585557420882587	3	0	1.0
72	pɑtɑreist	pɑtɑreːist	4	0.0952834640655903	1	0	1.0
72	pɑtɑreist	pɑtɑr;eist	5	0.09428062312243603	1	0	1.0
72	pɑtɑreist	pɑtɑrtist	6	0.09395652444800208	1	0	1.0
72	pɑtɑreist	pɑtɑretist	7	0.09307000083628576	1	0	1.0
72	pɑtɑreist	pɑtɑreikst	8	0.0924302175693772	1	0	1.0
72	pɑtɑreist	pɑtɑreistst	9	0.0923317054598532	2	0	1.0
72	pɑtɑreist	pɑtɑreistist	10	0.09180999443437411	3	0	1.0
73	rɑːdio	rɑːdio	1	0.18616762935144324	0	1	1.0
73	rɑːdio	rɑːtio	2	0.09532072771708794	1	0	1.0
73	rɑːdio	rɑːdioni	3	0.09364006562782815	2	0	1.0
73	rɑːdio	rɑːdiːo	4	0.09183793618084116	1	0	1.0
73	rɑːdio	rɑːdiogɑ	5	0.09144373261587932	2	0	1.0
73	rɑːdio	rɑːdios	6	0.08969359242528693	1	0	1.0
73	rɑːdio	rɑhdio	7	0.08964219408503059	1	0	1.0
73	rɑːdio	rɑːdiose	8	0.0875571919462835	2	0	1.0
73	rɑːdio	rɑːdioka	9	0.08735699637690565	2	0	1.0
73	rɑːdio	rɑːdiot	10	0.08733993367341353	1	0	1.0
74	rɑːdiogɑ	rɑːdiogɑ	1	0.16974726103778737	0	1	0.9523809552192688
74	rɑːdiogɑ	rɑːtiogɑ	2	0.09917228219928084	1	0	0.9523809552192688
74	rɑːdiogɑ	rɑːdiːogɑ	3	0.095056543549785	1	0	0.9523809552192688
74	rɑːdiogɑ	rɑhdiogɑ	4	0.09337317732794992	1	0	0.9523809552192688
74	rɑːdiogɑ	rɑːdiogjɑ	5	0.09210855352734952	1	0	0.9523809552192688
74	rɑːdiogɑ	rɑːdiogɑgɑ	6	0.0914023355778113	2	0	0.9523809552192688
74	rɑːdiogɑ	rɑːdjogɑ	7	0.09027960602126918	1	0	0.9523809552192688
74	rɑːdiogɑ	rɑːdeogɑ	8	0.08988822205789246	1	0	0.9523809552192688
74	rɑːdiogɑ	rɑːdiogu	9	0.08976715907449838	1	0	0.9523809552192688
74	rɑːdiogɑ	rɑːdiogi	10	0.089204859626376	1	0	0.9523809552192688
75	rɑːdiole	rɑːdiole	1	0.15300451835272671	0	1	0.949999988079071
75	rɑːdiole	rɑːdiolːe	2	0.13382010215937057	1	0	0.949999988079071
75	rɑːdiole	rɑːdiolte	3	0.09623457505230684	1	0	0.949999988079071
75	rɑːdiole	rɑːdiol;e	4	0.09185743515752495	1	0	0.949999988079071
75	rɑːdiole	rɑːdioli	5	0.09159622528360474	1	0	0.949999988079071
75	rɑːdiole	rɑːtiole	6	0.08829413639829761	1	0	0.949999988079071
75	rɑːdiole	rɑːdiolɛ	7	0.08774674230782616	1	0	0.949999988079071
75	rɑːdiole	rɑːdiolke	8	0.08663879919239577	1	0	0.949999988079071
75	rɑːdiole	rɑːdiolde	9	0.08650100149212635	1	0	0.949999988079071
75	rɑːdiole	rɑhdiole	10	0.08430646460382031	1	0	0.949999988079071
76	rɑːdios	rɑːdios	1	0.1686824371476171	0	1	1.0
76	rɑːdios	rɑːdioses	2	0.10460102606889593	2	0	1.0
76	rɑːdios	rɑːdiost	3	0.09857950340444323	1	0	1.0
76	rɑːdios	rɑːtios	4	0.093849551985516	1	0	1.0
76	rɑːdios	rɑːdiosis	5	0.09271061198805605	2	0	1.0
76	rɑːdios	rɑhdios	6	0.08951352454291824	1	0	1.0
76	rɑːdios	rɑːdiːos	7	0.08946876630759093	1	0	1.0
76	rɑːdios	rɑːdioːs	8	0.08805544648132128	1	0	1.0
76	rɑːdios	rɑːdiosːɑ	9	0.08775246052604349	2	0	1.0
76	rɑːdios	rɑːdioks	10	0.08678667154759773	1	0	1.0
77	rɑːdiost	rɑːdiost	1	0.16239338500470757	0	1	0.9333333373069763
77	rɑːdiost	rɑːdiosest	2	0.09838925258928588	2	0	0.9333333373069763
77	rɑːdiost	rɑːdiostest	3	0.09778087251010008	3	0	0.9333333373069763
77	rɑːdiost	rɑːtiost	4	0.0966832739663525	1	0	0.9333333373069763
77	rɑːdiost	rɑːdiostist	5	0.09355405311221793	3	0	0.9333333373069763
77	rɑːdiost	rɑːdiokst	6	0.09220101201181373	1	0	0.9333333373069763
77	rɑːdiost	rɑːdiostst	7	0.09205412065331435	2	0	0.9333333373069763
77	rɑːdiost	rɑːdiːost	8	0.09059437106013367	1	0	0.9333333373069763
77	rɑːdiost	rɑhdiost	9	0.08990743823382831	1	0	0.9333333373069763
77	rɑːdiost	rɑːdjost	10	0.08644222085824597	1	0	0.9333333373069763
78	rɑːdiot	rɑːdiot	1	0.160869006722483	0	1	1.0
78	rɑːdiot	rɑːdiost	2	0.10989288869809596	1	0	1.0
78	rɑːdiot	rɑːdioɑ	3	0.10167636451031911	1	0	1.0
78	rɑːdiot	rɑːdiod	4	0.09565359627935982	1	0	1.0
78	rɑːdiot	rɑːdio	5	0.09278163180483169	1	0	1.0
78	rɑːdiot	rɑːtiot	6	0.08899443503587334	1	0	1.0
78	rɑːdiot	rɑːdiout	7	0.0886647286312703	1	0	1.0
78	rɑːdiot	rɑhdiot	8	0.08791798502486549	1	0	1.0
78	rɑːdiot	rɑːdiolt	9	0.08789019705371334	1	0	1.0
78	rɑːdiot	rɑːdiotst	10	0.08565916623918796	2	0	1.0
79	rɑːmɑtu	rɑːmɑti	1	0.14071680421789676	1	0	1.0
79	rɑːmɑtu	rɑːmɑtu	2	0.13718337173456424	0	1	1.0
79	rɑːmɑtu	rɑːmɑdi	3	0.10628839180607294	2	0	1.0
79	rɑːmɑtu	rɑːmɑtɑ	4	0.09714405934598032	1	0	1.0
79	rɑːmɑtu	rɑːmɑte	5	0.09269119865054765	1	0	1.0
79	rɑːmɑtu	rɑːmɑdu	6	0.09091154493368425	1	0	1.0
79	rɑːmɑtu	rɑːmɑt	7	0.0867150458592454	1	0	1.0
79	rɑːmɑtu	rɑːmɑːti	8	0.08463544232989843	2	0	1.0
79	rɑːmɑtu	rɑːmɑta	9	0.08303556075396845	1	0	1.0
79	rɑːmɑtu	rɑːmɑdɑ	10	0.08067858036814159	2	0	1.0
80	rɑːmɑtugɑ	rɑːmɑtigɑ	1	0.13147521559237232	1	0	1.0
80	rɑːmɑtugɑ	rɑːmɑdigɑ	2	0.11405989902256766	2	0	1.0
80	rɑːmɑtugɑ	rɑːmɑtugɑ	3	0.11131672679821232	0	1	1.0
80	rɑːmɑtugɑ	rɑːmɑtɑ	4	0.09899954463948009	2	0	1.0
80	rɑːmɑtugɑ	rɑːmɑdɑ	5	0.0976825404219392	3	0	1.0
80	rɑːmɑtugɑ	rɑːmɑtegɑ	6	0.09297222828523809	1	0	1.0
80	rɑːmɑtugɑ	rɑːmɑdegɑ	7	0.0924458059318524	2	0	1.0
80	rɑːmɑtugɑ	rɑːmɑdugɑ	8	0.09160073489905902	1	0	1.0
80	rɑːmɑtugɑ	rɑːmɑtgɑ	9	0.08505104241682526	1	0	1.0
80	rɑːmɑtugɑ	rɑːmɑːgɑ	10	0.0843962619924536	2	0	1.0
81	rɑːmɑtule	rɑːmɑtle	1	0.11550233025007399	1	0	1.0
81	rɑːmɑtule	rɑːmɑdile	2	0.11179368380085207	2	0	1.0
81	rɑːmɑtule	rɑːmɑdɑle	3	0.1020608598876809	2	0	1.0
81	rɑːmɑtule	rɑːmɑdele	4	0.10168764846107048	2	0	1.0
81	rɑːmɑtule	rɑːmɑtile	5	0.10100870353118857	1	0	1.0
81	rɑːmɑtule	rɑːmɑdilːe	6	0.09821950738587926	3	0	1.0
81	rɑːmɑtule	rɑːmɑtule	7	0.09645678178529175	0	1	1.0
81	rɑːmɑtule	rɑːmɑdule	8	0.09494215362009081	1	0	1.0
81	rɑːmɑtule	rɑːmɑdelːe	9	0.09019355376116324	3	0	1.0
81	rɑːmɑtule	rɑːmɑtɑle	10	0.08813477751670891	1	0	1.0
82	rɑːmɑtus	rɑːmɑtis	1	0.13505618747078443	1	0	1.0
82	rɑːmɑtus	rɑːmɑtus	2	0.12344290858135623	0	1	1.0
82	rɑːmɑtus	rɑːmɑdis	3	0.10989903661305857	2	0	1.0
82	rɑːmɑtus	rɑːmɑtɑs	4	0.09675963710531653	1	0	1.0
82	rɑːmɑtus	rɑːmɑdus	5	0.09237196375120907	1	0	1.0
82	rɑːmɑtus	rɑːmɑts	6	0.08893262196986201	1	0	1.0
82	rɑːmɑtus	rɑːmɑtːis	7	0.08856523001681173	2	0	1.0
82	rɑːmɑtus	rɑːmɑdɑs	8	0.08849844659628466	2	0	1.0
82	rɑːmɑtus	rɑːmɑtsis	9	0.08847486104808383	2	0	1.0
82	rɑːmɑtus	rɑːmɑtes	10	0.08799910684723296	1	0	1.0
83	rɑːmɑtust	rɑːmɑtist	1	0.13018979180857382	1	0	1.0
83	rɑːmɑtust	rɑːmɑtust	2	0.1186213543370298	0	1	1.0
83	rɑːmɑtust	rɑːmɑdist	3	0.10624484076069782	2	0	1.0
83	rɑːmɑtust	rɑːmɑtst	4	0.10039469193759355	1	0	1.0
83	rɑːmɑtust	rɑːmɑtɑst	5	0.09935934600309722	1	0	1.0
83	rɑːmɑtust	rɑːmɑtest	6	0.09400954355231546	1	0	1.0
83	rɑːmɑtust	rɑːmɑdɑst	7	0.0892766787442188	2	0	1.0
83	rɑːmɑtust	rɑːmɑt͡st	8	0.08805806396441328	1	0	1.0
83	rɑːmɑtust	rɑːmɑt	9	0.08694364391880444	3	0	1.0
83	rɑːmɑtust	rɑːmɑdust	10	0.08690204497325582	1	0	1.0
84	rɑːmɑtut	rɑːmɑtut	1	0.13104515470031072	0	1	1.0
84	rɑːmɑtut	rɑːmɑtit	2	0.12652027305560154	1	0	1.0
84	rɑːmɑtut	rɑːmɑt	3	0.10560329030433296	2	0	1.0
84	rɑːmɑtut	rɑːmɑtːit	4	0.09846244968549772	2	0	1.0
84	rɑːmɑtut	rɑːmɑtu	5	0.0923848620669407	1	0	1.0
84	rɑːmɑtut	rɑːmɑtust	6	0.09227655228498331	1	0	1.0
84	rɑːmɑtut	rɑːmɑtɑt	7	0.08983464069951472	1	0	1.0
84	rɑːmɑtut	rɑːmɑt͡st	8	0.08883749328934074	2	0	1.0
84	rɑːmɑtut	rɑːmɑtist	9	0.08801229050551475	2	0	1.0
84	rɑːmɑtut	rɑːmɑtet	10	0.08702299340796282	1	0	1.0
85	rɑtɑst	rɑtɑst	1	0.1607165976678761	0	1	0.9444444179534912
85	rɑtɑst	rɑtɑt	2	0.11011035510658544	1	0	0.9444444179534912
85	rɑtɑst	rɑtɑkst	3	0.09653507175334468	1	0	0.9444444179534912
85	rɑtɑst	rɑtɑstit	4	0.09243715209758718	2	0	0.9444444179534912
85	rɑtɑst	rɑtɑstut	5	0.09196387186037835	2	0	0.9444444179534912
85	rɑtɑst	rɑtɑ;st	6	0.09013462409492964	1	0	0.9444444179534912
85	rɑtɑst	rɑtɑsut	7	0.08986208239052206	1	0	0.9444444179534912
85	rɑtɑst	rɑtɑːt	8	0.0897956397700376	1	0	0.9444444179534912
85	rɑtɑst	rɑtɑsit	9	0.08947757368598962	1	0	0.9444444179534912
85	rɑtɑst	rɑtɑstet	10	0.08896703157274932	2	0	0.9444444179534912
86	rɑt;ɑ	rɑtɑse	1	0.13762477421296004	3	0	0.9473684430122375
86	rɑt;ɑ	rɑtɑsu	2	0.11123274626569495	3	0	0.9473684430122375
86	rɑt;ɑ	rɑtɑsi	3	0.10253103424687798	3	0	0.9473684430122375
86	rɑt;ɑ	rɑtɑkse	4	0.10056688430470484	4	0	0.9473684430122375
86	rɑt;ɑ	rɑtɑku	5	0.09763302264260612	3	0	0.9473684430122375
86	rɑt;ɑ	rɑtɑs	6	0.09608232560480795	2	0	0.9473684430122375
86	rɑt;ɑ	rɑtɑst	7	0.09148351849232027	3	0	0.9473684430122375
86	rɑt;ɑ	rɑtɑ	8	0.0898116385703304	1	0	0.9473684430122375
86	rɑt;ɑ	rɑtɑsːe	9	0.08839053234842595	4	0	0.9473684430122375
86	rɑt;ɑ	rɑtɑde	10	0.08464352331127152	3	0	0.9473684430122375
87	rɑt;ɑgɑ	rɑtɑsegɑ	1	0.1213475280360431	3	0	0.8500000238418579
87	rɑt;ɑgɑ	rɑtɑksegɑ	2	0.1104447318145762	4	0	0.8500000238418579
87	rɑt;ɑgɑ	rɑtɑːgɑ	3	0.10330821406634921	2	0	0.8500000238418579
87	rɑt;ɑgɑ	rɑtɑgɑ	4	0.1004137182108313	1	0	0.8500000238418579
87	rɑt;ɑgɑ	rɑtɑsːɑ	5	0.10023403807827942	3	0	0.8500000238418579
87	rɑt;ɑgɑ	rɑtɑsgɑ	6	0.09478810766046432	2	0	0.8500000238418579
87	rɑt;ɑgɑ	rɑtɑdegɑ	7	0.09460191460199906	3	0	0.8500000238418579
87	rɑt;ɑgɑ	rɑtɑkɑ	8	0.09406528115522449	2	0	0.8500000238418579
87	rɑt;ɑgɑ	rɑtɑsigɑ	9	0.09105649261133124	3	0	0.8500000238418579
87	rɑt;ɑgɑ	rɑtɑkugɑ	10	0.08973997376490168	3	0	0.8500000238418579
88	rɑt;ɑle	rɑtɑsele	1	0.11103889255120723	3	0	0.7368420958518982
88	rɑt;ɑle	rɑtɑse	2	0.10845354285625199	2	0	0.7368420958518982
88	rɑt;ɑle	rɑtɑːle	3	0.10696223055608849	2	0	0.7368420958518982
88	rɑt;ɑle	rɑtɑkse	4	0.10662621185149522	3	0	0.7368420958518982
88	rɑt;ɑle	rɑtɑdele	5	0.10302635064501996	3	0	0.7368420958518982
88	rɑt;ɑle	rɑtɑselːe	6	0.09764267259633286	4	0	0.7368420958518982
88	rɑt;ɑle	rɑtɑle	7	0.09393161860656027	1	0	0.7368420958518982
88	rɑt;ɑle	rɑtɑsːe	8	0.0936202178044602	3	0	0.7368420958518982
88	rɑt;ɑle	rɑtɑdelːe	9	0.09012154887367202	4	0	0.7368420958518982
88	rɑt;ɑle	rɑtɑkele	10	0.08857671365891177	3	0	0.7368420958518982
89	rɑt;ɑs	rɑtɑs	1	0.1291966368441831	1	0	1.0
89	rɑt;ɑs	rɑtɑses	2	0.12421369363426946	3	0	1.0
89	rɑt;ɑs	rɑtɑst	3	0.10029294423107463	2	0	1.0
89	rɑt;ɑs	rɑtɑsis	4	0.10007199681051951	3	0	1.0
89	rɑt;ɑs	rɑtɑsus	5	0.09981089565314938	3	0	1.0
89	rɑt;ɑs	rɑtɑkses	6	0.0918973585803637	4	0	1.0
89	rɑt;ɑs	rɑtɑsːis	7	0.09175672749153184	4	0	1.0
89	rɑt;ɑs	rɑtɑːs	8	0.0883767802730121	2	0	1.0
89	rɑt;ɑs	rɑtɑsːɑ	9	0.08793205970014717	3	0	1.0
89	rɑt;ɑs	rɑtɑsːes	10	0.08645090678174913	4	0	1.0
90	rɑt;ɑst	rɑtɑst	1	0.1583314664428027	1	0	0.9375
90	rɑt;ɑst	rɑtɑkst	2	0.10876381085844163	2	0	0.9375
90	rɑt;ɑst	rɑtɑːst	3	0.10486173885993103	2	0	0.9375
90	rɑt;ɑst	rɑtɑdest	4	0.0995023394464025	3	0	0.9375
90	rɑt;ɑst	rɑtɑstest	5	0.09239458564171514	4	0	0.9375
90	rɑt;ɑst	rɑtɑsest	6	0.09178885625164461	3	0	0.9375
90	rɑt;ɑst	rɑtɑstist	7	0.09058401440241379	4	0	0.9375
90	rɑt;ɑst	rɑtɑstust	8	0.08804953322394685	4	0	0.9375
90	rɑt;ɑst	rɑtɑstst	9	0.08400225252913135	3	0	0.9375
90	rɑt;ɑst	rɑtːɑst	10	0.08172140234357043	1	0	0.9375
91	sɑːbɑst	sɑːbɑst	1	0.15410522515637565	0	1	0.8500000238418579
91	sɑːbɑst	sɑːpɑst	2	0.10511902925866588	1	0	0.8500000238418579
91	sɑːbɑst	sɑːbɑt	3	0.09901096049021232	1	0	0.8500000238418579
91	sɑːbɑst	sɑːbɑstit	4	0.09627093384957246	2	0	0.8500000238418579
91	sɑːbɑst	sɑːbɑkst	5	0.09613258015210946	1	0	0.8500000238418579
91	sɑːbɑst	sɑːbɑːt	6	0.09221446098742242	1	0	0.8500000238418579
91	sɑːbɑst	sɑːbɑstut	7	0.09083092401279241	2	0	0.8500000238418579
91	sɑːbɑst	sɑːbɑstet	8	0.08980706828658945	2	0	0.8500000238418579
91	sɑːbɑst	sɑːbɑsit	9	0.08956393983757803	1	0	0.8500000238418579
91	sɑːbɑst	sɑːbɑtut	10	0.0869448779686819	2	0	0.8500000238418579
92	sɑ;pɑ	sɑːbɑse	1	0.13321814111843117	4	0	0.75
92	sɑ;pɑ	sɑːbɑsi	2	0.10945399943343105	4	0	0.75
92	sɑ;pɑ	sɑːbɑkse	3	0.1070992647957677	5	0	0.75
92	sɑ;pɑ	sɑːbɑsu	4	0.10435129195278234	4	0	0.75
92	sɑ;pɑ	sɑːbɑs	5	0.09426072751494403	3	0	0.75
92	sɑ;pɑ	sɑːbɑst	6	0.09346053655924517	4	0	0.75
92	sɑ;pɑ	sɑːbɑksi	7	0.09311462232573735	5	0	0.75
92	sɑ;pɑ	sɑːbɑ	8	0.08891607260195311	2	0	0.75
92	sɑ;pɑ	sɑːpɑse	9	0.08817106510734986	3	0	0.75
92	sɑ;pɑ	sɑːbɑku	10	0.08795427859035822	4	0	0.75
93	sɑ;pɑgɑ	sɑːbɑsegɑ	1	0.12151816517118276	4	0	0.8571428656578064
93	sɑ;pɑgɑ	sɑːbɑksegɑ	2	0.11074904968009934	5	0	0.8571428656578064
93	sɑ;pɑgɑ	sɑːbɑgɑ	3	0.10304014421269803	2	0	0.8571428656578064
93	sɑ;pɑgɑ	sɑːbɑːgɑ	4	0.10287199783802688	3	0	0.8571428656578064
93	sɑ;pɑgɑ	sɑːbɑsːɑ	5	0.09843332787625958	4	0	0.8571428656578064
93	sɑ;pɑgɑ	sɑːbɑkse	6	0.09725918300463852	5	0	0.8571428656578064
93	sɑ;pɑgɑ	sɑːbɑsigɑ	7	0.09429411112093844	4	0	0.8571428656578064
93	sɑ;pɑgɑ	sɑːbɑdegɑ	8	0.09342755966122249	4	0	0.8571428656578064
93	sɑ;pɑgɑ	sɑːbɑsgɑ	9	0.08923338220210916	3	0	0.8571428656578064
93	sɑ;pɑgɑ	sɑːbɑkɑ	10	0.08917307923282482	3	0	0.8571428656578064
94	sɑ;pɑle	sɑːbɑse	1	0.11926901984892456	3	0	0.8095238208770752
94	sɑ;pɑle	sɑːbɑkse	2	0.11233846897313733	4	0	0.8095238208770752
94	sɑ;pɑle	sɑːbɑːle	3	0.10706353855695343	3	0	0.8095238208770752
94	sɑ;pɑle	sɑːbɑdele	4	0.10299988182415194	4	0	0.8095238208770752
94	sɑ;pɑle	sɑːbɑle	5	0.10143843556804119	2	0	0.8095238208770752
94	sɑ;pɑle	sɑːbɑsele	6	0.09686804093022387	4	0	0.8095238208770752
94	sɑ;pɑle	sɑːbɑsːe	7	0.09618116332857009	4	0	0.8095238208770752
94	sɑ;pɑle	sɑːbɑksele	8	0.08945480309555315	5	0	0.8095238208770752
94	sɑ;pɑle	sɑːbɑdelːe	9	0.08813064526527421	5	0	0.8095238208770752
94	sɑ;pɑle	sɑːbɑɕe	10	0.08625600260917021	3	0	0.8095238208770752
95	sɑ;pɑs	sɑːbɑses	1	0.12425862949797671	4	0	0.75
95	sɑ;pɑs	sɑːbɑs	2	0.1074038137003233	2	0	0.75
95	sɑ;pɑs	sɑːbɑsis	3	0.10658137594852488	4	0	0.75
95	sɑ;pɑs	sɑːbɑst	4	0.10518393981233788	3	0	0.75
95	sɑ;pɑs	sɑːbɑsːis	5	0.09925957251133936	5	0	0.75
95	sɑ;pɑs	sɑːbɑsus	6	0.09842615135384902	4	0	0.75
95	sɑ;pɑs	sɑːbɑseses	7	0.09069266618653811	6	0	0.75
95	sɑ;pɑs	sɑːbɑsːɑ	8	0.09061738357212594	4	0	0.75
95	sɑ;pɑs	sɑːbɑkses	9	0.08949067962954282	5	0	0.75
95	sɑ;pɑs	sɑːpɑses	10	0.08808578778744196	3	0	0.75
96	sɑ;pɑst	sɑːbɑst	1	0.14998296787999912	2	0	0.75
96	sɑ;pɑst	sɑːbɑkst	2	0.10355414716448291	3	0	0.75
96	sɑ;pɑst	sɑːpɑst	3	0.10173632885018213	1	0	0.75
96	sɑ;pɑst	sɑːbɑːst	4	0.09854599334179948	3	0	0.75
96	sɑ;pɑst	sɑːbɑstist	5	0.09483244782563567	5	0	0.75
96	sɑ;pɑst	sɑːbɑstest	6	0.09365526013863937	5	0	0.75
96	sɑ;pɑst	sɑːbɑdest	7	0.09275928935540102	4	0	0.75
96	sɑ;pɑst	sɑːbɑsest	8	0.09152394864682303	4	0	0.75
96	sɑ;pɑst	sɑːbɑstst	9	0.08765980528815398	4	0	0.75
96	sɑ;pɑst	sɑːbɑtst	10	0.08574981150888329	3	0	0.75
97	sule	sulːgɑ	1	0.12990382428955358	3	0	1.0
97	sule	sulːgi	2	0.1129905741207364	3	0	1.0
97	sule	sulgɑ	3	0.10835986934581704	2	0	1.0
97	sule	sulɑ	4	0.10171925331703825	1	0	1.0
97	sule	sulːgu	5	0.10039802918102887	3	0	1.0
97	sule	sulgi	6	0.0920913822786103	2	0	1.0
97	sule	sule	7	0.08934465000896273	0	1	1.0
97	sule	sul;gɑ	8	0.08913483464135	3	0	1.0
97	sule	sulːɑ	9	0.08810771522547833	2	0	1.0
97	sule	sulːi	10	0.08794986759142451	2	0	1.0
98	sulegɑ	sulːgɑ	1	0.12867115600944312	1	0	0.949999988079071
98	sulegɑ	sulgɑ	2	0.11960793457086853	1	0	0.949999988079071
98	sulegɑ	sulɑgɑ	3	0.1148103056452069	1	0	0.949999988079071
98	sulegɑ	sulegɑ	4	0.10401496821268726	0	1	0.949999988079071
98	sulegɑ	sulːɑgɑ	5	0.09418667080006166	2	0	0.949999988079071
98	sulegɑ	suligɑ	6	0.09288976391552066	1	0	0.949999988079071
98	sulegɑ	sulːegɑ	7	0.08985245840252319	1	0	0.949999988079071
98	sulegɑ	suljɑgɑ	8	0.08652669919743594	2	0	0.949999988079071
98	sulegɑ	sul;gɑ	9	0.08501675794972756	1	0	0.949999988079071
98	sulegɑ	sulugɑ	10	0.08442328529652515	1	0	0.949999988079071
99	sulele	sulːgɑle	1	0.11568369576947662	3	0	0.9047619104385376
99	sulele	sulːele	2	0.10710598092971738	1	0	0.9047619104385376
99	sulele	sulgɑle	3	0.10691530072011717	2	0	0.9047619104385376
99	sulele	sulɑle	4	0.10519668087655477	1	0	0.9047619104385376
99	sulele	sulele	5	0.1036997547309874	0	1	0.9047619104385376
99	sulele	sulːgile	6	0.09633168408524825	3	0	0.9047619104385376
99	sulele	sulːelːe	7	0.09296724803469	2	0	0.9047619104385376
99	sulele	sulːgɑlːe	8	0.09261576183288214	4	0	0.9047619104385376
99	sulele	sulelːe	9	0.09009401500603881	1	0	0.9047619104385376
99	sulele	sulile	10	0.08938987801428744	1	0	0.9047619104385376
100	sules	sulɑs	1	0.11010323815024148	1	0	0.7272727489471436
100	sules	sulːgɑ	2	0.1089116048441449	3	0	0.7272727489471436
100	sules	sulːgɑs	3	0.10713730208332567	3	0	0.7272727489471436
100	sules	sulgɑs	4	0.10504907520134124	2	0	0.7272727489471436
100	sules	sules	5	0.10090446050341183	0	1	0.7272727489471436
100	sules	sulːɑs	6	0.09770955012657505	2	0	0.7272727489471436
100	sules	sulːis	7	0.09574448678035304	2	0	0.7272727489471436
100	sules	sulːes	8	0.09165062976577383	1	0	0.7272727489471436
100	sules	sulis	9	0.09156811858226979	1	0	0.7272727489471436
100	sules	sulːgis	10	0.09122153396256318	3	0	0.7272727489471436
101	sulest	sulːgɑ	1	0.11360285058862009	3	0	0.8421052694320679
101	sulest	sulɑst	2	0.11063564295887014	1	0	0.8421052694320679
101	sulest	sulgɑst	3	0.10910493888173474	2	0	0.8421052694320679
101	sulest	sulest	4	0.10349001467738993	0	1	0.8421052694320679
101	sulest	sulːgɑst	5	0.09669142729324418	3	0	0.8421052694320679
101	sulest	sulːɑst	6	0.0965869070953986	2	0	0.8421052694320679
101	sulest	sulːest	7	0.09335479713700097	1	0	0.8421052694320679
101	sulest	sulist	8	0.09252936566911388	1	0	0.8421052694320679
101	sulest	sulːist	9	0.09217494520018926	2	0	0.8421052694320679
101	sulest	sulːgist	10	0.09182911049843821	3	0	0.8421052694320679
102	sul;ge	sul;gɑ	1	0.15262136209752708	1	0	0.8947368264198303
102	sul;ge	sul;gi	2	0.13361945431863068	1	0	0.8947368264198303
102	sul;ge	sul;gu	3	0.11826725435703236	1	0	0.8947368264198303
102	sul;ge	sul;e	4	0.0863713994091214	1	0	0.8947368264198303
102	sul;ge	sul;ge	5	0.086088580216423	0	1	0.8947368264198303
102	sul;ge	sul;gɑst͡sivigugususulul;ulululululululululululululululululululululululululululululululululululul;guulul;ululul;ulululul;ululul	6	0.08510962383813848	122	0	0.8947368264198303
102	sul;ge	sul;gɑst͡sivigugugusulul;ulululululululululululululululululululululululululululululululululululul;guulul;ululul;ulululul;ululul	7	0.08484485714263058	122	0	0.8947368264198303
102	sul;ge	sul;gɑst͡sivigugugusulul;ulululululululululululululululululululululululululululululululululululul;usulul;ululul;ulululul;ululul	8	0.0844426604278385	122	0	0.8947368264198303
102	sul;ge	sul;gɑst͡sivigugususulul;ulululululululululululululululululululululululululululululululululululul;guulul;ululul;ulululul;ululu	9	0.08436100322660976	121	0	0.8947368264198303
102	sul;ge	sul;gɑst͡sivigugususulul;ulululululululululululululululululululululululululululululululululululul;usulul;ululul;ulululul;ululul	10	0.08427380496604814	122	0	0.8947368264198303
103	tæhele	tæhele	1	0.12133483538400977	0	1	0.9444444179534912
103	tæhele	tæhile	2	0.10382221527120276	1	0	0.9444444179534912
103	tæhele	tæhelːe	3	0.09990389441627415	1	0	0.9444444179534912
103	tæhele	tæhdile	4	0.09974869980020028	2	0	0.9444444179534912
103	tæhele	tæhule	5	0.09968687278704777	1	0	0.9444444179534912
103	tæhele	tæhdele	6	0.09864116071878683	1	0	0.9444444179534912
103	tæhele	tæhtile	7	0.09709989192051693	2	0	0.9444444179534912
103	tæhele	tæhɑle	8	0.09392151228467414	1	0	0.9444444179534912
103	tæhele	tæhːdele	9	0.09298070953971746	2	0	0.9444444179534912
103	tæhele	tæhːdile	10	0.0928602078775699	3	0	0.9444444179534912
104	tæhegɑ	tæhegɑ	1	0.12514469161574895	0	1	1.0
104	tæhegɑ	tæhtigɑ	2	0.11611329614151447	2	0	1.0
104	tæhegɑ	tæhːdigɑ	3	0.10418967527893583	3	0	1.0
104	tæhegɑ	tæhigɑ	4	0.10253470543557791	1	0	1.0
104	tæhegɑ	tæhugɑ	5	0.09951054747228144	1	0	1.0
104	tæhegɑ	tæhdigɑ	6	0.09873114907217571	2	0	1.0
104	tæhegɑ	tæhɑgɑ	7	0.09778039425282299	1	0	1.0
104	tæhegɑ	tæhtɑgɑ	8	0.08706195970394538	2	0	1.0
104	tæhegɑ	tæhdɑgɑ	9	0.08684727257295106	2	0	1.0
104	tæhegɑ	tæhːdɑ	10	0.08208630845404623	2	0	1.0
105	tæhest	tæhest	1	0.12677796686256654	0	1	0.9285714030265808
105	tæhest	tæhtist	2	0.11391204093604362	2	0	0.9285714030265808
105	tæhest	tæhist	3	0.10650893773341918	1	0	0.9285714030265808
105	tæhest	tæhːdist	4	0.10204611325036406	3	0	0.9285714030265808
105	tæhest	tæhust	5	0.10120768878331292	1	0	0.9285714030265808
105	tæhest	tæhdist	6	0.09943048992695193	2	0	0.9285714030265808
105	tæhest	tæhɑst	7	0.09699248076645989	1	0	0.9285714030265808
105	tæhest	tæhtust	8	0.08983862319975987	2	0	0.9285714030265808
105	tæhest	tæhːtist	9	0.08465171076729448	3	0	0.9285714030265808
105	tæhest	tæhæst	10	0.07863394777382753	1	0	0.9285714030265808
106	tæhe	tæhe	1	0.12569298235177057	0	1	0.875
106	tæhe	tæhti	2	0.1220704002142601	2	0	0.875
106	tæhe	tæhːdi	3	0.10338377450990685	3	0	0.875
106	tæhe	tæhi	4	0.10129233089281185	1	0	0.875
106	tæhe	tæhu	5	0.09969299494981662	1	0	0.875
106	tæhe	tæhtu	6	0.09650382292373119	2	0	0.875
106	tæhe	tæhːti	7	0.09238196622370537	3	0	0.875
106	tæhe	tæhdi	8	0.090794827055657	2	0	0.875
106	tæhe	tæhbi	9	0.08450675966824213	2	0	0.875
106	tæhe	tæhɑ	10	0.08368014121009831	1	0	0.875
107	tæhes	tæhes	1	0.13129721100405356	0	1	1.0
107	tæhes	tæhtis	2	0.10998666655592616	2	0	1.0
107	tæhes	tæhis	3	0.10884138325098087	1	0	1.0
107	tæhes	tæhus	4	0.1025356914300766	1	0	1.0
107	tæhes	tæhːdis	5	0.1023089520500458	3	0	1.0
107	tæhes	tæhdis	6	0.09606997419063165	2	0	1.0
107	tæhes	tæhɑs	7	0.09469472457057404	1	0	1.0
107	tæhes	tæhtus	8	0.08653362597589617	2	0	1.0
107	tæhes	tæhːtis	9	0.0839465678516224	3	0	1.0
107	tæhes	tæh;tis	10	0.08378520312019275	3	0	1.0
108	tæh;te	tæh;ti	1	0.1657232631293707	1	0	0.9444444179534912
108	tæh;te	tæh;tu	2	0.12783407653914525	1	0	0.9444444179534912
108	tæh;te	tæh;tɑ	3	0.11756065782809663	1	0	0.9444444179534912
108	tæh;te	tæh;te	4	0.10057358330007182	0	1	0.9444444179534912
108	tæh;te	tæh;t	5	0.08346017567653106	1	0	0.9444444179534912
108	tæh;te	tæh;di	6	0.08236487834593773	2	0	0.9444444179534912
108	tæh;te	tæh;;ti	7	0.08229218830597015	2	0	0.9444444179534912
108	tæh;te	tæh;tist	8	0.08097764109115801	3	0	0.9444444179534912
108	tæh;te	tæh;tit	9	0.07971301136036972	2	0	0.9444444179534912
108	tæh;te	tæh;t͡si	10	0.07950052442334893	3	0	0.9444444179534912
109	teo	tigu	1	0.23212027368865126	3	0	1.0
109	teo	tigɔ	2	0.0948080897383363	3	0	1.0
109	teo	tigugɑ	3	0.09037460519871045	5	0	1.0
109	teo	tigɑ	4	0.08905396022177653	3	0	1.0
109	teo	tigus	5	0.08343706017173089	4	0	1.0
109	teo	tiguɑ	6	0.08300216838002404	4	0	1.0
109	teo	tiguka	7	0.08274194322252508	5	0	1.0
109	teo	tiguku	8	0.08224973373841804	5	0	1.0
109	teo	tiguʑe	9	0.08163158828615112	5	0	1.0
109	teo	tigut	10	0.0805805773536763	4	0	1.0
110	teogɑ	tigugɑ	1	0.19368608427884518	3	0	0.3499999940395355
110	teogɑ	tigugu	2	0.09926591219409416	4	0	0.3499999940395355
110	teogɑ	tigugɑgɑ	3	0.09431085493545788	5	0	0.3499999940395355
110	teogɑ	tiggugɑ	4	0.09319573379667931	4	0	0.3499999940395355
110	teogɑ	digugɑ	5	0.08747681469007064	4	0	0.3499999940395355
110	teogɑ	tigɑgɑ	6	0.08734138472562115	3	0	0.3499999940395355
110	teogɑ	tigɔgɑ	7	0.08727816360416846	3	0	0.3499999940395355
110	teogɑ	tiguɑ	8	0.08658717198211857	3	0	0.3499999940395355
110	teogɑ	tjgugɑ	9	0.085880915405935	3	0	0.3499999940395355
110	teogɑ	ːigugɑ	10	0.08497696438700963	4	0	0.3499999940395355
111	teole	tigule	1	0.1735454999306697	3	0	0.3499999940395355
111	teole	tigulːe	2	0.13675011570074205	4	0	0.3499999940395355
111	teole	tigulte	3	0.09279774552337892	4	0	0.3499999940395355
111	teole	tigɔle	4	0.08870187332814479	3	0	0.3499999940395355
111	teole	tigɑle	5	0.08819741028924095	3	0	0.3499999940395355
111	teole	tigul;e	6	0.08800097667867522	4	0	0.3499999940395355
111	teole	tigulze	7	0.08560439514014637	4	0	0.3499999940395355
111	teole	tigulɛ	8	0.08427104146382541	4	0	0.3499999940395355
111	teole	tigulele	9	0.08126429407693735	5	0	0.3499999940395355
111	teole	tigulese	10	0.08086664786823922	5	0	0.3499999940395355
112	teos	tigus	1	0.1937073938004824	3	0	0.4285714328289032
112	teos	tiguses	2	0.09931470991885792	5	0	0.4285714328289032
112	teos	tigust	3	0.08999079839166277	4	0	0.4285714328289032
112	teos	tigusesesesesdisesestistisisisiiiiiiiiiiiiiiiiiiiiiiiiiiiisisisisisisisisisigigiiiigisiiigigiiiigigiiiigisiiiigisiiiiigigisiiii	4	0.08823942664993371	124	0	0.4285714328289032
112	teos	tigusesesesesdisesestistisisisiiiiiiiiiiiiiiiiiiiiiiiiiiiisisisisisisisisisigigiiiigisiiigigiiiigigiiiigisiiiigisiiiiigigis	5	0.08821317825804703	120	0	0.4285714328289032
112	teos	tigusesesesesdisesestistisisisiiiiiiiiiiiiiiiiiiiiiiiiiiiisisisisisisisisisigigiiiigisiiigigiiiigisiiiigisiiiigisiiiiigigisiiii	6	0.08820126975841487	124	0	0.4285714328289032
112	teos	tigusesesesesdisesestistisisisiiiiiiiiiiiiiiiiiiiiiiiiiiiisisisisisisisisisigigiiiigisiiigigiiiigisiiiigisiiiigisiiiiigigis	7	0.08818053488945773	120	0	0.4285714328289032
112	teos	tigusesesesesdisesestistisisisiiiiiiiiiiiiiiiiiiiiiiiiiiiisisisisisisisisisigigiiiigisiiigigiiiigigiiiigisiiiigisiiiiigigisiii	8	0.08815123394624955	123	0	0.4285714328289032
112	teos	tigusesesesesdisesestistisisisiiiiiiiiiiiiiiiiiiiiiiiiiiiisisisisisisisisisigigiiiigisiiigigiiiigisiiiigisiiiigisiiiiigigisiii	9	0.08811319537067341	123	0	0.4285714328289032
112	teos	tigusesesesesdisesestistisiisiiiiiiiiiiiiiiiiiiiiiiiiiiiiisisisisisisisisisigigiiiigisiiigigiiiigisiiiigisiiiigisiiiiigigisiiii	10	0.08788825901622056	124	0	0.4285714328289032
113	teost	tigust	1	0.17980146919486312	3	0	0.1764705926179886
113	teost	tigustest	2	0.09752836119081519	6	0	0.1764705926179886
113	teost	tigusest	3	0.0964934722193778	5	0	0.1764705926179886
113	teost	tigustust	4	0.092294671949975	6	0	0.1764705926179886
113	teost	tigustist	5	0.09213137124890475	6	0	0.1764705926179886
113	teost	tigust͡st	6	0.0911711907842343	6	0	0.1764705926179886
113	teost	tigustst	7	0.08923947047418182	5	0	0.1764705926179886
113	teost	tigɑst	8	0.08909487708173273	3	0	0.1764705926179886
113	teost	tigukst	9	0.08663677294722766	4	0	0.1764705926179886
113	teost	tigɔst	10	0.08560834290868763	3	0	0.1764705926179886
114	tigu	tigu	1	0.15840900359015372	0	1	0.8571428656578064
114	tigu	tigut	2	0.14917793278123304	1	0	0.8571428656578064
114	tigu	tigust	3	0.11063207064059277	2	0	0.8571428656578064
114	tigu	tigud	4	0.10362283852618714	1	0	0.8571428656578064
114	tigu	tiguɑ	5	0.08742307081590638	1	0	0.8571428656578064
114	tigu	tigugɑ	6	0.08167782067445377	2	0	0.8571428656578064
114	tigu	tigul	7	0.08041457880324951	1	0	0.8571428656578064
114	tigu	tiguzt	8	0.07857462728662289	2	0	0.8571428656578064
114	tigu	tigult	9	0.07689120462762303	2	0	0.8571428656578064
114	tigu	tiguk	10	0.07317685225397774	1	0	0.8571428656578064
115	toɑ	tubɑ	1	0.18221132034391274	2	0	1.0
115	toɑ	tupɑ	2	0.11066096855583428	2	0	1.0
115	toɑ	tuɑ	3	0.097834913704433	1	0	1.0
115	toɑ	tubːɑ	4	0.09461005259837597	3	0	1.0
115	toɑ	tuːɑ	5	0.09056222593869426	2	0	1.0
115	toɑ	tubɑgɑgɑ;dɑvi;ububububububububububububububububububububububububububububububububububububububububububububububuuubububububububububu	6	0.0851525330552195	125	0	1.0
115	toɑ	tubɑgɑgɑ;dɑvi;ububububububububububububububububububububububububububububububububububububububububububububububuuububububububububu	7	0.08488253546664878	123	0	1.0
115	toɑ	tubɑgɑgɑ;dɑvi;ububububububububububububububububububububububububububububububububububububububububububububububububububububububububu	8	0.08479094827525373	125	0	1.0
115	toɑ	tubɑgɑgɑ;dɑvi;ububububububububububububububububububububububububububububububububububububububububububububububutubububububububububu	9	0.08478181778287301	125	0	1.0
115	toɑ	tubɑgɑgɑ;dɑvi;ubububububububububububububububububububububububububububububububububububububububububububububububububububububububu	10	0.08451268427875473	123	0	1.0
116	toɑgɑ	tubɑgɑ	1	0.1642511773811119	2	0	0.5
116	toɑgɑ	tupɑgɑ	2	0.11395932928048536	2	0	0.5
116	toɑgɑ	tuɑgɑ	3	0.11045385009700676	1	0	0.5
116	toɑgɑ	tuːɑgɑ	4	0.10042779878579608	2	0	0.5
116	toɑgɑ	tubːɑgɑ	5	0.08978072636013056	3	0	0.5
116	toɑgɑ	toɑgɑ	6	0.08933438709794517	0	1	0.5
116	toɑgɑ	tuʋɑgɑ	7	0.08575541548169854	2	0	0.5
116	toɑgɑ	tuoɑgɑ	8	0.08288633775055915	1	0	0.5
116	toɑgɑ	tɔbɑgɑ	9	0.08280781137755802	2	0	0.5
116	toɑgɑ	tubɑgɑgɑ	10	0.0803431663877085	4	0	0.5
117	toɑle	tubɑle	1	0.1501255461042761	2	0	0.44999998807907104
117	toɑle	tubɑlːe	2	0.1213951654695558	3	0	0.44999998807907104
117	toɑle	tuɑle	3	0.10643950324717283	1	0	0.44999998807907104
117	toɑle	tupɑle	4	0.1050615116643017	2	0	0.44999998807907104
117	toɑle	tuːɑle	5	0.09424811300697983	2	0	0.44999998807907104
117	toɑle	tuɑlːe	6	0.08891348677285066	2	0	0.44999998807907104
117	toɑle	tupɑlːe	7	0.08879788773134312	3	0	0.44999998807907104
117	toɑle	tubɑlte	8	0.08259160260392107	3	0	0.44999998807907104
117	toɑle	tuʋɑle	9	0.08126365305974366	2	0	0.44999998807907104
117	toɑle	toɑle	10	0.0811635303398553	0	1	0.44999998807907104
118	toɑs	tubɑs	1	0.1667317648168633	2	0	0.6666666865348816
118	toɑs	tupɑs	2	0.11680998504104907	2	0	0.6666666865348816
118	toɑs	tuɑs	3	0.11566300763911729	1	0	0.6666666865348816
118	toɑs	tuːɑs	4	0.10004605709244009	2	0	0.6666666865348816
118	toɑs	tubːɑs	5	0.09198457194115704	3	0	0.6666666865348816
118	toɑs	tubɑses	6	0.08504465062237901	4	0	0.6666666865348816
118	toɑs	tuʋɑs	7	0.0838896324375108	2	0	0.6666666865348816
118	toɑs	toɑs	8	0.0818649184748913	0	1	0.6666666865348816
118	toɑs	tuoɑs	9	0.0791172063364144	1	0	0.6666666865348816
118	toɑs	tubɑːs	10	0.07884820559817769	3	0	0.6666666865348816
119	toɑst	tubɑst	1	0.15554577221317706	2	0	0.7058823704719543
119	toɑst	tuɑst	2	0.11828127757488457	1	0	0.7058823704719543
119	toɑst	tupɑst	3	0.11291723295325008	2	0	0.7058823704719543
119	toɑst	tuːɑst	4	0.10126793447047057	2	0	0.7058823704719543
119	toɑst	tuʋɑst	5	0.08771575031309613	2	0	0.7058823704719543
119	toɑst	toɑst	6	0.08610036417169901	0	1	0.7058823704719543
119	toɑst	tubːɑst	7	0.08600605598861379	3	0	0.7058823704719543
119	toɑst	tubɑstest	8	0.08537583954552805	5	0	0.7058823704719543
119	toɑst	tubɑsest	9	0.08385323328455435	4	0	0.7058823704719543
119	toɑst	tuoɑst	10	0.0829365394847264	1	0	0.7058823704719543
120	toru	toru	1	0.1495285330725075	0	1	1.0
120	toru	torɔ	2	0.1258466663600026	1	0	1.0
120	toru	torɔd͡ʑe;t͡sekogɑ;tːororororororororororororororororororororororororororororororororororororororororoororororororororororororor	3	0.09103046384551879	124	0	1.0
120	toru	torɔd͡ʑe;t͡sekogɑ;tːororororororororororororororororororororororororororororororororororororororororoororororororororororororo	4	0.09079454880437335	123	0	1.0
120	toru	torɔd͡ʑe;t͡sekogɑ;tfororororororororororororororororororororororororororororororororororororororororoororororororororororororor	5	0.09067732243546134	124	0	1.0
120	toru	torɔd͡ʑe;t͡sekogɑ;t͡ororororororororororororororororororororororororororororororororororororororororoororororororororororororor	6	0.09066781262180817	124	0	1.0
120	toru	torɔd͡ʑe;t͡sekogɑ;tfororororororororororororororororororororororororororororororororororororororororoororororororororororororo	7	0.09046948168126145	123	0	1.0
120	toru	torɔd͡ʑe;t͡sekogɑ;t͡ororororororororororororororororororororororororororororororororororororororororoororororororororororororo	8	0.09045336729234203	123	0	1.0
120	toru	torɔd͡ʑe;t͡sekogɑ;tːororororororororororororororororororororororororororororororororororororororororoorororororuorororororororo	9	0.09032386144918132	123	0	1.0
120	toru	torɔd͡ʑe;t͡sekogɑ;tːororororororororororororororororororororororororororororororororororororororororoorororororororororororor	10	0.09020794243754343	122	0	1.0
121	toru	toru	1	0.14947549003973204	0	1	0.7222222089767456
121	toru	torut	2	0.1405911024694897	1	0	0.7222222089767456
121	toru	torust	3	0.10372974220120033	2	0	0.7222222089767456
121	toru	torud	4	0.09264925986840447	1	0	0.7222222089767456
121	toru	torukustest͡st͡st;dotototorororororororororororororororororororororororororororororororororororororooororororororororororororor	5	0.08618082250087468	123	0	0.7222222089767456
121	toru	torukustest͡st͡st;dotototorororororororororororororororororororororororororororororororororororororooororororororororororororo	6	0.08573909552298518	122	0	0.7222222089767456
121	toru	torukustest͡st͡st;totototorororororororororororororororororororororororororororororororororororororooororororororororororororor	7	0.0856644293494291	123	0	0.7222222089767456
121	toru	torukustest͡st͡st;totototorororoororororororororororororororororororororororororororororororoorororooororororororororororororor	8	0.08544950326783207	123	0	0.7222222089767456
121	toru	torukustest͡st͡st;dotototorororoororororororororororororororororororororororororororororororoorororooororororororororororororor	9	0.0852624900571108	123	0	0.7222222089767456
121	toru	torukustest͡st͡st;todototorororororororororororororororororororororororororororororororororororororooororororororororororororor	10	0.08525806472294162	123	0	0.7222222089767456
122	torugɑ	torugɑ	1	0.1485619450021905	0	1	1.0
122	torugɑ	torɔgɑ	2	0.1358665274218272	1	0	1.0
122	torugɑ	torɔvigɑ	3	0.11246934387171403	3	0	1.0
122	torugɑ	torɔdigɑ	4	0.09242461293680179	3	0	1.0
122	torugɑ	torɔegɑ	5	0.08692677460335838	2	0	1.0
122	torugɑ	torɔ̃w	6	0.0863850587542836	3	0	1.0
122	torugɑ	torɔvigɑgɑgɑgɑgɑgɑgɑgogororororororororororororororororororororororororororororororororororororororoorororororororororororororo	7	0.08497390044035463	122	0	1.0
122	torugɑ	torɔvigɑgɑgɑgɑgɑgɑgɑgogororororororororororororororororororororororororororororororororororororororoororororororororororororor	8	0.08423171005807442	121	0	1.0
122	torugɑ	torɔvigɑgɑgɑgɑgɑgɑgɑgogororororororororororororororororororororororororororororororororororororororoororororororororororororo	9	0.0841925465962309	120	0	1.0
122	torugɑ	torɔɑ	10	0.08396758031516456	2	0	1.0
123	torule	torule	1	0.15509253544376872	0	1	0.949999988079071
123	torule	torɔle	2	0.14115681390479287	1	0	0.949999988079071
123	torule	torulːe	3	0.1193565933678153	1	0	0.949999988079071
123	torule	torɔlːe	4	0.09021441663050934	2	0	0.949999988079071
123	torule	tordule	5	0.08816889308392112	1	0	0.949999988079071
123	torule	torlule	6	0.08506107221468563	1	0	0.949999988079071
123	torule	torile	7	0.08289281806194428	1	0	0.949999988079071
123	torule	tormule	8	0.08278243916401803	1	0	0.949999988079071
123	torule	torɑle	9	0.07805114505603644	1	0	0.949999988079071
123	torule	torole	10	0.07722327307250824	1	0	0.949999988079071
124	torus	torus	1	0.14743015855329303	0	1	1.0
124	torus	torɔs	2	0.10855785267782733	1	0	1.0
124	torus	torusesesesesdosdostostostorororororororororororororororororororororororororororororororororororororororororororuororororororor	3	0.0935292655720296	122	0	1.0
124	torus	torusesesesesdosdostostostorororororororororororororororororororororororororororororororororororororororororororuororororororo	4	0.09324282064937277	121	0	1.0
124	torus	torusesesesesdosdostostostororororororororororororororororororororororororororororororororororororororororororororororororororo	5	0.09317475698762097	122	0	1.0
124	torus	torusesesesesdokosdostostorororororororororororororororororororororororororororororororororororororoororororororuororororororor	6	0.09290390941266458	122	0	1.0
124	torus	torusesesesesdokostostostorororororororororororororororororororororororororororororororororororororoororororororuororororororor	7	0.09289596359402473	122	0	1.0
124	torus	torusesesesesdosestostostorororororororororororororororororororororororororororororororororororororoororororororuororororororor	8	0.09283893579149495	122	0	1.0
124	torus	torusesesesesdosdostostostorororororororororororororororororororororororororororororororororororororororororororuorororororor	9	0.09274196737513081	120	0	1.0
124	torus	torusesesesesdosdostostostorororororororororororororororororororororororororororororororororororororororororororororororororor	10	0.09268436938654123	121	0	1.0
125	torust	torust	1	0.1358192681974118	0	1	1.0
125	torust	torɔst	2	0.10426609777421518	1	0	1.0
125	torust	torustestest͡st͡ststostostororororororororororororororororororororostorororororororororororororororoorororororororororororororo	3	0.09557584963511166	121	0	1.0
125	torust	torustestest͡st͡ststostostororororororororororororororororororororostorororororororororororororororoororororororuororororororor	4	0.09521729971271652	121	0	1.0
125	torust	torustestest͡st͡ststostostororororororororororororororororororororostorororororororororororororororoororororororororororororor	5	0.0951407403489855	120	0	1.0
125	torust	torustestest͡st͡ststostostororororororororororororororororororororostorororororororororororororororoororororororororororororo	6	0.09507122694744291	119	0	1.0
125	torust	torustestest͡st͡ststostostororororororororororororororororororororostorororororororororororororororoororororororuororororororo	7	0.09505784468832242	120	0	1.0
125	torust	torustestest͡st͡ststostostororororororororororororororororororororostorororororororororororororororoorororororororororororor	8	0.09467243731533126	118	0	1.0
125	torust	torustestest͡st͡ststostostororororororororororororororororororororostorororororororororororororororoororororororuorororororor	9	0.09462095279065935	119	0	1.0
125	torust	torustestest͡st͡ststostostororororororororororororororororororororostorororororororororororororororoororororororuorororororo	10	0.09455828258980338	118	0	1.0
126	tsirkuse	tsirkuse	1	0.12948503555901764	0	1	1.0
126	tsirkuse	tsirkukse	2	0.1151008715233098	1	0	1.0
126	tsirkuse	tsirkusu	3	0.10273490145933424	1	0	1.0
126	tsirkuse	tsirkusi	4	0.10199839463406611	1	0	1.0
126	tsirkuse	tsirkuksi	5	0.09570998808685072	2	0	1.0
126	tsirkuse	tsirkuːse	6	0.0932734032727618	1	0	1.0
126	tsirkuse	tsirkusːe	7	0.09153519247129527	1	0	1.0
126	tsirkuse	tsirkust	8	0.0902353306657973	1	0	1.0
126	tsirkuse	tsirkuksu	9	0.08998172622962461	2	0	1.0
126	tsirkuse	tsirkusa	10	0.08994515609794249	1	0	1.0
127	tsirkusegɑ	tsirkusegɑ	1	0.12077845578899506	0	1	0.9473684430122375
127	tsirkusegɑ	tsirkuksegɑ	2	0.12026744677258301	1	0	0.9473684430122375
127	tsirkusegɑ	tsirkugɑ	3	0.10098876136154461	2	0	0.9473684430122375
127	tsirkusegɑ	tsirkudegɑ	4	0.09722503077286494	1	0	0.9473684430122375
127	tsirkusegɑ	tsirkuːgɑ	5	0.09659883686340515	2	0	0.9473684430122375
127	tsirkusegɑ	tsirkusːɑ	6	0.09513195253641166	2	0	0.9473684430122375
127	tsirkusegɑ	tsirkuksigɑ	7	0.09308768076924652	2	0	0.9473684430122375
127	tsirkusegɑ	tsirkusigɑ	8	0.09217665376799597	1	0	0.9473684430122375
127	tsirkusegɑ	tsirkuːsegɑ	9	0.09209372747221795	1	0	0.9473684430122375
127	tsirkusegɑ	tsirkutsegɑ	10	0.09165145389473511	1	0	0.9473684430122375
128	tsirkusele	tsirkukse	1	0.11371106370769955	3	0	0.9473684430122375
128	tsirkusele	tsirkuse	2	0.11355379856918053	2	0	0.9473684430122375
128	tsirkusele	tsirkusele	3	0.10376547830639314	0	1	0.9473684430122375
128	tsirkusele	tsirkudele	4	0.10299109175719467	1	0	0.9473684430122375
128	tsirkusele	tsirkuːle	5	0.10139987811234459	2	0	0.9473684430122375
128	tsirkusele	tsirkuksele	6	0.0987605383861871	1	0	0.9473684430122375
128	tsirkusele	tsirkule	7	0.09834866184917183	2	0	0.9473684430122375
128	tsirkusele	tsirkusːe	8	0.09110029471831264	2	0	0.9473684430122375
128	tsirkusele	tsirkuele	9	0.08849520232137754	1	0	0.9473684430122375
128	tsirkusele	tsirkuselːe	10	0.08787399227213838	1	0	0.9473684430122375
129	tsirkuses	tsirkuses	1	0.12167124612156392	0	1	0.875
129	tsirkuses	tsirkusis	2	0.10459542657357476	1	0	0.875
129	tsirkuses	tsirkust	3	0.10255004366463265	2	0	0.875
129	tsirkuses	tsirkukses	4	0.10054152718073842	1	0	0.875
129	tsirkuses	tsirkus	5	0.09965732342474691	2	0	0.875
129	tsirkuses	tsirkusːis	6	0.09953367773810651	2	0	0.875
129	tsirkuses	tsirkusus	7	0.09784007881876675	1	0	0.875
129	tsirkuses	tsirkuseses	8	0.09136564545806533	2	0	0.875
129	tsirkuses	tsirkuksis	9	0.09135146668599228	2	0	0.875
129	tsirkuses	tsirkuːses	10	0.09089356433381246	1	0	0.875
130	tsirkusest	tsirkust	1	0.14466047661163492	2	0	1.0
130	tsirkusest	tsirkukst	2	0.1119304026356585	2	0	1.0
130	tsirkusest	tsirkuːst	3	0.09965246006730667	2	0	1.0
130	tsirkusest	tsirkudest	4	0.09707968832354087	1	0	1.0
130	tsirkusest	tsirkutst	5	0.09473951673004287	2	0	1.0
130	tsirkusest	tsirkusest	6	0.09449299856172678	0	1	1.0
130	tsirkusest	tsirkustest	7	0.09110317794085246	1	0	1.0
130	tsirkusest	tsirkustist	8	0.09054868986347145	2	0	1.0
130	tsirkusest	tsirkɔst	9	0.08801039807386153	3	0	1.0
130	tsirkusest	tsirkuksest	10	0.08778219119190396	1	0	1.0
131	tsirkust	tsirkust	1	0.14460597329056332	0	1	1.0
131	tsirkust	tsirkukst	2	0.10694985522670823	1	0	1.0
131	tsirkust	tsirkut	3	0.10525190269500324	1	0	1.0
131	tsirkust	tsirkutst	4	0.10054988937859866	1	0	1.0
131	tsirkust	tsirkuːst	5	0.09786525808155787	1	0	1.0
131	tsirkust	tsirkutut	6	0.09139109794151333	2	0	1.0
131	tsirkust	tsirkutːit	7	0.09099946248178417	3	0	1.0
131	tsirkust	tsirkusit	8	0.08786671473013814	1	0	1.0
131	tsirkust	tsirkutet	9	0.08764798138685656	2	0	1.0
131	tsirkust	tsirkutit	10	0.08687186478727647	2	0	1.0
132	tubɑ	tubɑ	1	0.16750384107386512	0	1	0.9473684430122375
132	tubɑ	tubɑt	2	0.1226264496163266	1	0	0.9473684430122375
132	tubɑ	tupɑ	3	0.10476777048463103	1	0	0.9473684430122375
132	tubɑ	tubɑst	4	0.10308136241388013	2	0	0.9473684430122375
132	tubɑ	tubːɑ	5	0.09298494939167344	1	0	0.9473684430122375
132	tubɑ	tubɑd	6	0.09115744313929079	1	0	0.9473684430122375
132	tubɑ	tub;ɑ	7	0.08315062854737361	1	0	0.9473684430122375
132	tubɑ	tupɑt	8	0.07952898378252436	2	0	0.9473684430122375
132	tubɑ	tubɑː	9	0.07789215807932881	1	0	0.9473684430122375
132	tubɑ	tubɑgɑ	10	0.07730641347110613	2	0	0.9473684430122375
133	ʋoːdi	ʋoːdi	1	0.19841188696828968	0	1	1.0
133	ʋoːdi	ʋoːde	2	0.10574892316135734	1	0	1.0
133	ʋoːdi	ʋoːti	3	0.10155791459883667	1	0	1.0
133	ʋoːdi	ʋoːdigɑ	4	0.0873512728995383	2	0	1.0
133	ʋoːdi	ʋohdi	5	0.08732127465655232	1	0	1.0
133	ʋoːdi	ʋoːdjɑ	6	0.08609455215154324	2	0	1.0
133	ʋoːdi	ʋoːdɑ	7	0.08460870167864422	1	0	1.0
133	ʋoːdi	ʋoːdji	8	0.08349629909075627	1	0	1.0
133	ʋoːdi	ʋoɑːdi	9	0.08349572452763457	1	0	1.0
133	ʋoːdi	ʋoːdiku	10	0.08191345026684738	2	0	1.0
134	ʋoːdigɑ	ʋoːdigɑ	1	0.17320653650841072	0	1	1.0
134	ʋoːdigɑ	ʋoːdegɑ	2	0.11698949815489369	1	0	1.0
134	ʋoːdigɑ	ʋoːtigɑ	3	0.09612361660237502	1	0	1.0
134	ʋoːdigɑ	ʋoːdɑgɑ	4	0.09328796840025082	1	0	1.0
134	ʋoːdigɑ	ʋohdigɑ	5	0.09039661076273305	1	0	1.0
134	ʋoːdigɑ	ʋoːdigɑgɑ	6	0.08915231744269114	2	0	1.0
134	ʋoːdigɑ	ʋoːdigu	7	0.08700986492796317	1	0	1.0
134	ʋoːdigɑ	ʋoːdjɑ	8	0.08522398547081905	2	0	1.0
134	ʋoːdigɑ	ʋoːdige	9	0.08451041252399538	1	0	1.0
134	ʋoːdigɑ	ʋoːdugɑ	10	0.08409918920586795	1	0	1.0
135	ʋoːdile	ʋoːdile	1	0.1603606765988217	0	1	1.0
135	ʋoːdile	ʋoːdilːe	2	0.13709811847641673	1	0	1.0
135	ʋoːdile	ʋoːdele	3	0.09818830315814402	1	0	1.0
135	ʋoːdile	ʋoːdilte	4	0.09388398224296236	1	0	1.0
135	ʋoːdile	ʋoːdil;e	5	0.08912702238662294	1	0	1.0
135	ʋoːdile	ʋoːdelːe	6	0.08756975882312518	2	0	1.0
135	ʋoːdile	ʋoːdilɛ	7	0.08414094899216662	1	0	1.0
135	ʋoːdile	ʋohdile	8	0.08361953108491692	1	0	1.0
135	ʋoːdile	ʋoːtile	9	0.0836177398880488	1	0	1.0
135	ʋoːdile	ʋoːdili	10	0.08239391834877474	1	0	1.0
136	ʋoːdis	ʋoːdis	1	0.17631740967330728	0	1	1.0
136	ʋoːdis	ʋoːdes	2	0.10750849287237293	1	0	1.0
136	ʋoːdis	ʋoːdises	3	0.09783428780691712	2	0	1.0
136	ʋoːdis	ʋoːtis	4	0.0963148140451258	1	0	1.0
136	ʋoːdis	ʋoːdist	5	0.09125019574591052	1	0	1.0
136	ʋoːdis	ʋoːdjɑs	6	0.08931330832888232	2	0	1.0
136	ʋoːdis	ʋohdis	7	0.08722641229079893	1	0	1.0
136	ʋoːdis	ʋoːdɑs	8	0.08608755781992682	1	0	1.0
136	ʋoːdis	ʋoːdiːs	9	0.08427015520299923	1	0	1.0
136	ʋoːdis	ʋoːdisis	10	0.08387736621375905	2	0	1.0
137	ʋoːdist	ʋoːdist	1	0.16441641873164273	0	1	0.8888888955116272
137	ʋoːdist	ʋoːdest	2	0.10689069492850918	1	0	0.8888888955116272
137	ʋoːdist	ʋoːtist	3	0.09571684419746278	1	0	0.8888888955116272
137	ʋoːdist	ʋoːdistest	4	0.0950734638572131	3	0	0.8888888955116272
137	ʋoːdist	ʋoːdisest	5	0.09363574382749149	2	0	0.8888888955116272
137	ʋoːdist	ʋoːdistist	6	0.09176994284700506	3	0	0.8888888955116272
137	ʋoːdist	ʋoːdjɑst	7	0.08926984978265776	2	0	0.8888888955116272
137	ʋoːdist	ʋoːdistst	8	0.08849170043072617	2	0	0.8888888955116272
137	ʋoːdist	ʋoːdistust	9	0.0879419511998951	3	0	0.8888888955116272
137	ʋoːdist	ʋoːdɑst	10	0.08679339019739662	1	0	0.8888888955116272
138	ʋoːdit	ʋoːdit	1	0.1514978379463971	0	1	1.0
138	ʋoːdit	ʋoːdi	2	0.13040465589348268	1	0	1.0
138	ʋoːdit	ʋoːdist	3	0.11078889541370669	1	0	1.0
138	ʋoːdit	ʋoːdid	4	0.09684097748931997	1	0	1.0
138	ʋoːdit	ʋoːdet	5	0.09193297798209343	1	0	1.0
138	ʋoːdit	ʋoːdilt	6	0.0871161705829178	1	0	1.0
138	ʋoːdit	ʋoːtit	7	0.08450053784927516	1	0	1.0
138	ʋoːdit	ʋoːdigɑ	8	0.08299389454963363	2	0	1.0
138	ʋoːdit	ʋoːdikut	9	0.08272900365338505	2	0	1.0
138	ʋoːdit	ʋoːdiɑ	10	0.08119504863978848	1	0	1.0
139	ʋøːle	ʋøːle	1	0.19755556887225018	0	1	1.0
139	ʋøːle	ʋøːlːe	2	0.11695400423997672	1	0	1.0
139	ʋøːle	ʋøtle	3	0.08885820817236256	1	0	1.0
139	ʋøːle	ʋøːli	4	0.08687606018064176	1	0	1.0
139	ʋøːle	ʋøːele	5	0.08681375674088022	1	0	1.0
139	ʋøːle	ʋøːlte	6	0.08545669796214375	1	0	1.0
139	ʋøːle	ʋøːlele	7	0.08503541288576395	2	0	1.0
139	ʋøːle	ʋøːlese	8	0.0846921269233933	2	0	1.0
139	ʋøːle	ʋøːlege	9	0.08419933666845643	2	0	1.0
139	ʋøːle	ʋøːleːe	10	0.08355882735413113	2	0	1.0
140	ʋøːgɑ	ʋøːgɑ	1	0.18998446289855356	0	1	1.0
140	ʋøːgɑ	ʋøːgi	2	0.11434566293694239	1	0	1.0
140	ʋøːgɑ	ʋøːgu	3	0.09707598037229159	1	0	1.0
140	ʋøːgɑ	ʋøːge	4	0.09391732452234972	1	0	1.0
140	ʋøːgɑ	ʋøːdigɑ	5	0.0929185690398371	2	0	1.0
140	ʋøːgɑ	ʋøːgɑgɑ	6	0.0864067308957288	2	0	1.0
140	ʋøːgɑ	ʋøːegɑ	7	0.0855611044025269	1	0	1.0
140	ʋøːgɑ	ʋøtgɑ	8	0.08114276663327469	1	0	1.0
140	ʋøːgɑ	ʋøhigɑ	9	0.0796285244501104	2	0	1.0
140	ʋøːgɑ	ʋøːgæ	10	0.07901887384838488	1	0	1.0
141	ʋøːst	ʋøːst	1	0.1952639902896368	0	1	0.9375
141	ʋøːst	ʋøːsest	2	0.09942214212456277	2	0	0.9375
141	ʋøːst	ʋøːstest	3	0.09796723894720709	3	0	0.9375
141	ʋøːst	ʋøːstist	4	0.09191513008571646	3	0	0.9375
141	ʋøːst	ʋøːstst	5	0.09146310552938315	2	0	0.9375
141	ʋøːst	ʋøːstast	6	0.08938625354219713	3	0	0.9375
141	ʋøːst	ʋøːstust	7	0.08507419626227604	3	0	0.9375
141	ʋøːst	ʋøːstat	8	0.08387206650945368	2	0	0.9375
141	ʋøːst	ʋøːstut	9	0.0837209398675591	2	0	0.9375
141	ʋøːst	ʋøːsst	10	0.08191493684200776	1	0	0.9375
142	ʋøː	ʋøː	1	0.18399733405848284	0	1	1.0
142	ʋøː	ʋøːdi	2	0.10276368013524442	2	0	1.0
142	ʋøː	ʋøːgɑ	3	0.09194116666597146	2	0	1.0
142	ʋøː	ʋøːgi	4	0.09124124845099575	2	0	1.0
142	ʋøː	ʋøːe	5	0.09115725780807564	1	0	1.0
142	ʋøː	ʋøːgu	6	0.08958020049301861	2	0	1.0
142	ʋøː	ʋøːt	7	0.08918476621499673	1	0	1.0
142	ʋøː	ʋøːd	8	0.08857619260970338	1	0	1.0
142	ʋøː	ʋøːde	9	0.08592975881788899	2	0	1.0
142	ʋøː	ʋøːni	10	0.08562839474562217	2	0	1.0
143	ʋøːs	ʋøːs	1	0.21551539890725638	0	1	1.0
143	ʋøːs	ʋøːses	2	0.10419159895456277	2	0	1.0
143	ʋøːs	ʋøːsis	3	0.09297158994469223	2	0	1.0
143	ʋøːs	ʋøts	4	0.0891140189593456	1	0	1.0
143	ʋøːs	ʋøːst	5	0.0883261184353093	1	0	1.0
143	ʋøːs	ʋøːsus	6	0.08633924367446683	2	0	1.0
143	ʋøːs	ʋøːsas	7	0.08584983914393444	2	0	1.0
143	ʋøːs	ʋøhis	8	0.08134278382559938	2	0	1.0
143	ʋøːs	ʋøːːs	9	0.07823488729899189	1	0	1.0
143	ʋøːs	ʋøːis	10	0.07811452085584115	1	0	1.0
144	ʋøːd	ʋøːt	1	0.15150137641679134	1	0	0.949999988079071
144	ʋøːd	ʋøːd	2	0.12718801470870622	0	1	0.949999988079071
144	ʋøːd	ʋøː	3	0.11889532890069292	1	0	0.949999988079071
144	ʋøːd	ʋøːdi	4	0.0973989358062401	1	0	0.949999988079071
144	ʋøːd	ʋøːst	5	0.08991868551919159	2	0	0.949999988079071
144	ʋøːd	ʋøːdu	6	0.08694491028846243	1	0	0.949999988079071
144	ʋøːd	ʋøːde	7	0.08611439955247335	1	0	0.949999988079071
144	ʋøːd	ʋøː;t	8	0.08403243809864316	2	0	0.949999988079071
144	ʋøːd	ʋøːdɑ	9	0.08035080979826249	1	0	0.949999988079071
144	ʋøːd	ʋøːu	10	0.07765510091053637	1	0	0.949999988079071
